frame,ped_height,sim_time,walker,ego,e_veloc,distance,walker_vel_ms,ego_vel_ms,ttc_less_than_200,walker_vel_mms,ego_vel_mms,TCC,TCC_threshold,w_location_x,w_location_y,w_location_z,e_location_x,e_location_y,e_location_z,w_rotation_pitch,w_rotation_yaw,w_rotation_roll,e_rotation_pitch,e_rotation_yaw,e_rotation_roll
0,1.8600000143051147,1,walker.pedestrian.0004,vehicle.nissan.patrol_2021,48.608058,59.827789306640625,0.0,13.502238437493004,False,0.0,0.013502238437493003,4430.0,500,135.02288818359375,13.049999237060547,0.9514999985694885,75.2601547241211,7.800062656402588,0.09762652963399887,-0.14840634167194366,-89.99999237060547,1.3340256899141423e-08,-0.02568834088742733,0.0023504202254116535,-0.0009765625
1,1.8600000143051147,2,walker.pedestrian.0004,vehicle.nissan.patrol_2021,48.385213,59.612770080566406,0.0387573204934597,13.440336828063437,False,3.87573204934597e-05,0.013440336828063436,4420.0,500,135.02288818359375,13.049379348754883,0.9514999985694885,75.4752197265625,7.8001389503479,0.09701217710971832,-0.14840634167194366,-89.99999237060547,1.3340256899141423e-08,-0.034362681210041046,0.010598324239253998,-0.004272460471838713
2,1.8600000143051147,3,walker.pedestrian.0004,vehicle.nissan.patrol_2021,48.348001,59.3978271484375,0.0775146409869194,13.430000199089568,False,7.75146409869194e-05,0.013430000199089567,4400.0,500,135.02288818359375,13.048139572143555,0.9514999985694885,75.69019317626953,7.800215721130371,0.09636524319648743,-0.14840634167194366,-89.99999237060547,1.3340256899141423e-08,-0.042299360036849976,0.024195440113544464,-0.009307860396802425
3,1.8600000143051147,4,walker.pedestrian.0004,vehicle.nissan.patrol_2021,48.339274,59.18290710449219,0.1162719577550888,13.427575978940148,False,0.0001162719577550888,0.013427575978940148,4370.0,500,135.02288818359375,13.046278953552246,0.9514999985694885,75.9051284790039,7.8003153800964355,0.09569130092859268,-0.14840634167194366,-89.99999237060547,1.3340256899141423e-08,-0.04974426329135895,0.042453423142433167,-0.015624997206032276
4,1.8600000143051147,5,walker.pedestrian.0004,vehicle.nissan.patrol_2021,48.344607,58.96795654296875,0.1550292819738388,13.429057634572112,False,0.0001550292819738388,0.013429057634572113,4340.0,500,135.02288818359375,13.043798446655273,0.9514999985694885,76.12007904052734,7.800455093383789,0.09499091655015945,-0.14840634167194366,-89.99999237060547,1.3340256899141423e-08,-0.05660860612988472,0.06475114077329636,-0.02276611141860485
5,1.8600000143051147,6,walker.pedestrian.0004,vehicle.nissan.patrol_2021,48.34415,58.75300598144531,0.1937865912914276,13.42893052984137,False,0.00019378659129142762,0.01342893052984137,4310.0,500,135.02288818359375,13.040698051452637,0.9514999985694885,76.33502960205078,7.800649642944336,0.09426624327898026,-0.14840634167194366,-89.99999237060547,1.3340256899141423e-08,-0.0628923773765564,0.09047708660364151,-0.030364984646439552
6,1.8600000143051147,7,walker.pedestrian.0004,vehicle.nissan.patrol_2021,48.344021,58.53804016113281,0.2325439155101776,13.428894718119945,False,0.0002325439155101776,0.013428894718119946,4280.0,500,135.02288818359375,13.03697681427002,0.9514999985694885,76.54999542236328,7.800914287567139,0.09351924806833267,-0.14840634167194366,-89.99999237060547,1.3340256899141423e-08,-0.06856826692819595,0.11903243511915207,-0.0380859412252903
7,1.8600000143051147,8,walker.pedestrian.0004,vehicle.nissan.patrol_2021,48.344226,58.323036193847656,0.2713012397289276,13.42895169220194,False,0.0002713012397289276,0.01342895169220194,4260.0,500,135.02288818359375,13.032636642456055,0.9514999985694885,76.76496124267578,7.801259994506836,0.09275230020284653,-0.14840634167194366,-89.99999237060547,1.3340256899141423e-08,-0.0736021175980568,0.149842768907547,-0.0455932579934597
8,1.8600000143051147,9,walker.pedestrian.0004,vehicle.nissan.patrol_2021,48.344307,58.10803985595703,0.3100585639476776,13.428974052955127,False,0.0003100585639476776,0.013428974052955126,4230.0,500,135.02288818359375,13.02767562866211,0.9514999985694885,76.97994232177734,7.801699161529541,0.09196796268224716,-0.14840634167194366,-89.99999237060547,1.3340256899141423e-08,-0.078034907579422,0.18236050009727478,-0.0527038536965847
9,1.8600000143051147,10,walker.pedestrian.0004,vehicle.nissan.patrol_2021,48.344401,57.89300537109375,0.3488158583641052,13.429000258489115,False,0.0003488158583641052,0.013429000258489115,4200.0,500,135.02288818359375,13.0220947265625,0.9514999985694885,77.1949234008789,7.8022379875183105,0.09116797894239426,-0.14840634167194366,-89.99999237060547,1.3340256899141423e-08,-0.08188030123710632,0.2160695344209671,-0.0591735802590847
10,1.8600000143051147,11,walker.pedestrian.0004,vehicle.nissan.patrol_2021,48.362171,57.677940368652344,0.3875731825828552,13.433936321551991,False,0.00038757318258285524,0.013433936321551992,4170.0,500,135.02288818359375,13.01589298248291,0.9514999985694885,77.4099349975586,7.802885055541992,0.09035468846559525,-0.14840634167194366,-89.99999237060547,1.3340256899141423e-08,-0.08505634218454361,0.2504858672618866,-0.0648803636431694
11,1.8600000143051147,12,walker.pedestrian.0004,vehicle.nissan.patrol_2021,48.408073,57.462730407714844,0.4263305068016052,13.44668707425966,False,0.00042633050680160523,0.01344668707425966,4140.0,500,135.02288818359375,13.009072303771973,0.9514999985694885,77.62507629394531,7.803646087646484,0.0895262137055397,-0.14840634167194366,-89.99999237060547,1.3340256899141423e-08,-0.08709856867790222,0.2851688265800476,-0.0697326585650444
12,1.8600000143051147,13,walker.pedestrian.0004,vehicle.nissan.patrol_2021,48.419897,57.2474365234375,0.4650878310203552,13.449971407308183,False,0.0004650878310203552,0.013449971407308184,4110.0,500,135.02288818359375,13.001630783081055,0.9514999985694885,77.84029388427734,7.8045244216918945,0.0886845737695694,-0.14840634167194366,-89.99999237060547,1.3340256899141423e-08,-0.08773377537727356,0.3197060227394104,-0.0736083909869194
13,1.8600000143051147,14,walker.pedestrian.0004,vehicle.nissan.patrol_2021,48.420179,57.032127380371094,0.5038451552391052,13.450049709567361,False,0.0005038451552391053,0.013450049709567362,4090.0,500,135.02288818359375,12.993569374084473,0.9514999985694885,78.0555191040039,7.805520057678223,0.08783546090126038,-0.14840634167194366,-89.99999237060547,1.3340256899141423e-08,-0.08709856867790222,0.3537122905254364,-0.0765380710363388
14,1.8600000143051147,15,walker.pedestrian.0004,vehicle.nissan.patrol_2021,48.420217,56.816795349121094,0.5426024794578552,13.450060253975145,False,0.0005426024794578552,0.013450060253975146,4059.9999999999995,500,135.02288818359375,12.98488712310791,0.9514999985694885,78.27075958251953,7.80663537979126,0.08698520809412003,-0.14840634167194366,-89.99999237060547,1.3340256899141423e-08,-0.08535686880350113,0.38684406876564026,-0.0784301608800888
15,1.8600000143051147,16,walker.pedestrian.0004,vehicle.nissan.patrol_2021,48.420212,56.6014404296875,0.5813598036766052,13.450058872918836,False,0.0005813598036766052,0.013450058872918837,4030.0000000000005,500,135.02288818359375,12.9755859375,0.9514999985694885,78.48600769042969,7.807869911193848,0.08613887429237366,-0.14840634167194366,-89.99999237060547,1.3340256899141423e-08,-0.0826726034283638,0.4188034236431122,-0.079315185546875
16,1.8600000143051147,17,walker.pedestrian.0004,vehicle.nissan.patrol_2021,48.420227,56.38606262207031,0.6201171278953552,13.450063170793477,False,0.0006201171278953552,0.013450063170793477,4010.0,500,135.02288818359375,12.96566390991211,0.9514999985694885,78.70125579833984,7.809220790863037,0.08530116826295853,-0.14840634167194366,-89.99999237060547,1.3340256899141423e-08,-0.079196035861969,0.4493364095687866,-0.0792236179113388
17,1.8600000143051147,18,walker.pedestrian.0004,vehicle.nissan.patrol_2021,48.420203,56.170684814453125,0.6588743925094604,13.450056320085377,False,0.0006588743925094604,0.013450056320085377,3980.0,500,135.02288818359375,12.955121994018555,0.9514999985694885,78.91650390625,7.810685634613037,0.08447536081075668,-0.14840634167194366,-89.99999237060547,1.3340256899141423e-08,-0.07504328340291977,0.47823333740234375,-0.0781860277056694
18,1.8600000143051147,19,walker.pedestrian.0004,vehicle.nissan.patrol_2021,48.420204,55.955284118652344,0.6976317167282104,13.45005677226298,False,0.0006976317167282104,0.013450056772262981,3960.0,500,135.02288818359375,12.94395923614502,0.9514999985694885,79.13175964355469,7.812260150909424,0.08366500586271286,-0.14840634167194366,-89.99999237060547,1.3340256899141423e-08,-0.07040558755397797,0.5053251385688782,-0.0762939527630806
19,1.8600000143051147,20,walker.pedestrian.0004,vehicle.nissan.patrol_2021,48.420186,55.73987579345703,0.7363890409469604,13.450051596157062,False,0.0007363890409469605,0.013450051596157062,3930.0,500,135.02288818359375,12.932177543640137,0.9514999985694885,79.34700775146484,7.813940048217773,0.08287311345338821,-0.14840634167194366,-89.99999237060547,1.3340256899141423e-08,-0.06539905816316605,0.5304842591285706,-0.0736083835363388
20,1.8600000143051147,21,walker.pedestrian.0004,vehicle.nissan.patrol_2021,48.420155,55.52445983886719,0.7751463651657104,13.450043038742518,False,0.0007751463651657105,0.013450043038742518,3900.0,500,135.02288818359375,12.919775009155273,0.9514999985694885,79.56226348876953,7.815720081329346,0.08210170269012451,-0.14840634167194366,-89.99999237060547,1.3340256899141423e-08,-0.060153473168611526,0.5536194443702698,-0.070220947265625
21,1.8600000143051147,22,walker.pedestrian.0004,vehicle.nissan.patrol_2021,48.420124,55.30902862548828,0.8139036893844604,13.450034356913429,False,0.0008139036893844605,0.013450034356913429,3880.0,500,135.02288818359375,12.906752586364746,0.9514999985694885,79.77751922607422,7.817594051361084,0.0813521146774292,-0.14840634167194366,-89.99999237060547,1.3340256899141423e-08,-0.05472347140312195,0.5746747255325317,-0.06622314453125
22,1.8600000143051147,23,walker.pedestrian.0004,vehicle.nissan.patrol_2021,48.420118,55.093605041503906,0.8526610136032104,13.4500326661826,False,0.0008526610136032105,0.013450032666182601,3850.0,500,135.02288818359375,12.893110275268555,0.9514999985694885,79.99275970458984,7.819554805755615,0.08062580227851868,-0.14840634167194366,-89.99999237060547,1.3340256899141423e-08,-0.04922517016530037,0.5936256051063538,-0.0617370642721653
23,1.8600000143051147,24,walker.pedestrian.0004,vehicle.nissan.patrol_2021,48.420094,54.87815856933594,0.8914183378219604,13.450026136687434,False,0.0008914183378219605,0.013450026136687434,3830.0,500,135.02288818359375,12.878847122192383,0.9514999985694885,80.2080078125,7.821597099304199,0.07992339879274368,-0.14840634167194366,-89.99999237060547,1.3340256899141423e-08,-0.04376101866364479,0.6104759573936462,-0.05682373046875
24,1.8600000143051147,25,walker.pedestrian.0004,vehicle.nissan.patrol_2021,48.420062,54.66271209716797,0.9301756620407104,13.450017307199465,False,0.0009301756620407104,0.013450017307199465,3800.0,500,135.02288818359375,12.863964080810547,0.9514999985694885,80.42324829101562,7.823713779449463,0.07924529910087585,-0.14840634167194366,-89.99999237060547,1.3340256899141423e-08,-0.03839249163866043,0.6252546906471252,-0.0516052171587944
25,1.8600000143051147,26,walker.pedestrian.0004,vehicle.nissan.patrol_2021,48.420032,54.447265625,0.9689329862594604,13.450008795693648,False,0.0009689329862594604,0.013450008795693648,3780.0,500,135.02288818359375,12.848461151123047,0.9514999985694885,80.63848114013672,7.825898170471191,0.07859168946743011,-0.14840634167194366,-89.99999237060547,1.3340256899141423e-08,-0.03320154920220375,0.6380127668380737,-0.0462036095559597
26,1.8600000143051147,27,walker.pedestrian.0004,vehicle.nissan.patrol_2021,48.420005,54.23180389404297,1.0076903104782104,13.450001406320377,False,0.0010076903104782105,0.013450001406320376,3750.0,500,135.02288818359375,12.832338333129883,0.9514999985694885,80.85371398925781,7.82814359664917,0.077961765229702,-0.14840634167194366,-89.99999237060547,1.3340256899141423e-08,-0.02820185013115406,0.6488202810287476,-0.0406494066119194
27,1.8600000143051147,28,walker.pedestrian.0004,vehicle.nissan.patrol_2021,48.419975,54.01634216308594,1.0464476346969604,13.449993123590227,False,0.0010464476346969604,0.013449993123590227,3730.0,500,135.02288818359375,12.815595626831055,0.9514999985694885,81.0689468383789,7.830443382263184,0.0773555338382721,-0.14840634167194366,-89.99999237060547,1.3340256899141423e-08,-0.02346169762313366,0.6577624082565308,-0.0350341796875
28,1.8600000143051147,29,walker.pedestrian.0004,vehicle.nissan.patrol_2021,48.419949,53.800872802734375,1.0852049589157104,13.449985893801786,False,0.0010852049589157105,0.013449985893801785,3700.0,500,135.02288818359375,12.798232078552246,0.9514999985694885,81.28416442871094,7.832789897918701,0.07677177339792252,-0.14840634167194366,-89.99999237060547,1.3340256899141423e-08,-0.019042566418647766,0.6649388074874878,-0.02947997860610485
29,1.8600000143051147,30,walker.pedestrian.0004,vehicle.nissan.patrol_2021,48.419944,53.585411071777344,1.1239622831344604,13.449984568653054,False,0.0011239622831344604,0.013449984568653053,3680.0,500,135.02288818359375,12.780248641967773,0.9514999985694885,81.49938201904297,7.835175514221191,0.07620959728956223,-0.14840634167194366,-89.99999237060547,1.3340256899141423e-08,-0.014896641485393047,0.6704581379890442,-0.0240478515625
30,1.8600000143051147,31,walker.pedestrian.0004,vehicle.nissan.patrol_2021,48.419937,53.36993408203125,1.1627196073532104,13.449982563104665,False,0.0011627196073532105,0.013449982563104666,3650.0,500,135.02288818359375,12.761645317077637,0.9514999985694885,81.7145767211914,7.837596893310547,0.0756683349609375,-0.14840634167194366,-89.99999237060547,1.3340256899141423e-08,-0.011112716980278492,0.6744375228881836,-0.01876830868422985
31,1.8600000143051147,32,walker.pedestrian.0004,vehicle.nissan.patrol_2021,48.419925,53.15446472167969,1.2014769315719604,13.44997918329064,False,0.0012014769315719603,0.01344997918329064,3630.0,500,135.02288818359375,12.74242115020752,0.9514999985694885,81.92977142333984,7.84004545211792,0.07514648139476776,-0.14840634167194366,-89.99999237060547,1.3340256899141423e-08,-0.007629320956766605,0.6769993901252747,-0.01373290829360485
32,1.8600000143051147,33,walker.pedestrian.0004,vehicle.nissan.patrol_2021,48.419912,52.938995361328125,1.2402342557907104,13.449975507482357,False,0.0012402342557907104,0.013449975507482358,3600.0,500,135.02288818359375,12.722578048706055,0.9514999985694885,82.14495849609375,7.8425164222717285,0.07464256137609482,-0.14840634167194366,-89.99999237060547,1.3340256899141423e-08,-0.004521585069596767,0.6782701015472412,-0.008941650390625
33,1.8600000143051147,34,walker.pedestrian.0004,vehicle.nissan.patrol_2021,48.419899,52.72351837158203,1.2789915800094604,13.44997190083831,False,0.0012789915800094605,0.01344997190083831,3580.0,500,135.02288818359375,12.70211410522461,0.9514999985694885,82.36014556884766,7.845004558563232,0.0741557702422142,-0.14840634167194366,-89.99999237060547,1.3340256899141423e-08,-0.0017690189415588975,0.6783761382102966,-0.004486083984375
34,1.8600000143051147,35,walker.pedestrian.0004,vehicle.nissan.patrol_2021,48.419887,52.508033752441406,1.317748785018921,13.449968612592201,False,0.0013177487850189208,0.0134499686125922,3560.0,500,135.02288818359375,12.6810302734375,0.9514999985694885,82.5753173828125,7.847504138946533,0.073684461414814,-0.14840634167194366,-89.99999237060547,1.3340256899141423e-08,0.0006488679209724069,0.6774454712867737,-0.0003356933011673391
35,1.8600000143051147,36,walker.pedestrian.0004,vehicle.nissan.patrol_2021,48.419877,52.29254150390625,1.356506109237671,13.449965914616618,False,0.001356506109237671,0.013449965914616618,3530.0,500,135.02288818359375,12.65932559967041,0.9514999985694885,82.79049682617188,7.850011348724365,0.07322711497545242,-0.14840634167194366,-89.99999237060547,1.3340256899141423e-08,0.0027320755179971457,0.6756035089492798,0.0034195261541754007
36,1.8600000143051147,37,walker.pedestrian.0004,vehicle.nissan.patrol_2021,48.419867,52.077049255371094,1.395263433456421,13.449963172690753,False,0.0013952634334564208,0.013449963172690753,3510.0,500,135.02288818359375,12.637001991271973,0.9514999985694885,83.00566864013672,7.852522373199463,0.0727824792265892,-0.14840634167194366,-89.99999237060547,1.3340256899141423e-08,0.004501094575971365,0.6729725003242493,0.006811693776398897
37,1.8600000143051147,38,walker.pedestrian.0004,vehicle.nissan.patrol_2021,48.419858,51.861541748046875,1.434020757675171,13.449960688521244,False,0.001434020757675171,0.013449960688521244,3480.0,500,135.02288818359375,12.614057540893555,0.9514999985694885,83.2208480834961,7.855033874511719,0.0723491683602333,-0.14840634167194366,-89.99999237060547,1.3340256899141423e-08,0.005955924745649099,0.6696709990501404,0.009819282218813896
38,1.8600000143051147,39,walker.pedestrian.0004,vehicle.nissan.patrol_2021,48.419848,51.64604187011719,1.472778081893921,13.449957795236942,False,0.001472778081893921,0.013449957795236943,3460.0,500,135.02288818359375,12.590493202209473,0.9514999985694885,83.4360122680664,7.857540607452393,0.07192638516426086,-0.14840634167194366,-89.99999237060547,1.3340256899141423e-08,0.007130716927349567,0.6658124327659607,0.012439972721040249
39,1.8600000143051147,40,walker.pedestrian.0004,vehicle.nissan.patrol_2021,48.419847,51.430519104003906,1.511535406112671,13.449957631596611,False,0.0015115354061126709,0.01344995763159661,3440.0,500,135.02288818359375,12.56630802154541,0.9514999985694885,83.65117645263672,7.86004114151001,0.07151225954294205,-0.14840634167194366,-89.99999237060547,1.3340256899141423e-08,0.008032302372157574,0.6615033745765686,0.014676911756396294
40,1.8600000143051147,41,walker.pedestrian.0004,vehicle.nissan.patrol_2021,48.419837,51.215003967285156,1.550292730331421,13.449954747563647,False,0.001550292730331421,0.013449954747563646,3410.0,500,135.02288818359375,12.54150390625,0.9514999985694885,83.8663330078125,7.8625335693359375,0.07110588252544403,-0.14840634167194366,-89.99999237060547,1.3340256899141423e-08,0.008694830350577831,0.6568451523780823,0.016537977382540703
41,1.8600000143051147,42,walker.pedestrian.0004,vehicle.nissan.patrol_2021,48.419828,50.99946594238281,1.589050054550171,13.44995223178202,False,0.0015890500545501709,0.01344995223178202,3390.0,500,135.02288818359375,12.51607894897461,0.9514999985694885,84.08150482177734,7.86501407623291,0.0707063302397728,-0.14840634167194366,-89.99999237060547,1.3340256899141423e-08,0.009125132113695145,0.6519314646720886,0.01803559623658657
42,1.8600000143051147,43,walker.pedestrian.0004,vehicle.nissan.patrol_2021,48.419818,50.78392028808594,1.627807378768921,13.449949370865951,False,0.001627807378768921,0.013449949370865952,3370.0,500,135.02288818359375,12.490034103393555,0.9514999985694885,84.29666137695312,7.867482662200928,0.07031238079071045,-0.14840634167194366,-89.99999237060547,1.3340256899141423e-08,0.009357358328998089,0.646848201751709,0.019185664132237434
43,1.8600000143051147,44,walker.pedestrian.0004,vehicle.nissan.patrol_2021,48.419797,50.568397521972656,1.640014410018921,13.449943483915575,False,0.001640014410018921,0.013449943483915575,3350.0,500,135.02288818359375,12.463793754577637,0.9514999985694885,84.5118179321289,7.869936466217041,0.06992320716381073,-0.14840634167194366,-89.99999237060547,1.3340256899141423e-08,0.009398339316248894,0.6416747570037842,0.020007256418466568
44,1.8600000143051147,45,walker.pedestrian.0004,vehicle.nissan.patrol_2021,48.419793,50.35285186767578,1.640014410018921,13.44994240017602,False,0.001640014410018921,0.01344994240017602,3340.0,500,135.02288818359375,12.437553405761719,0.9514999985694885,84.72697448730469,7.872374057769775,0.06953799724578857,-0.14840634167194366,-89.99999237060547,1.3340256899141423e-08,0.009295887313783169,0.6364822387695312,0.02052171714603901
45,1.8600000143051147,46,walker.pedestrian.0004,vehicle.nissan.patrol_2021,48.419793,50.13732147216797,1.640014410018921,13.449942436058377,False,0.001640014410018921,0.013449942436058376,3320.0,500,135.02288818359375,12.4113130569458,0.9514999985694885,84.94212341308594,7.874796390533447,0.06915596127510071,-0.14840634167194366,-89.99999237060547,1.3340256899141423e-08,0.009050000458955765,0.6313340663909912,0.020752396434545517
46,1.8600000143051147,47,walker.pedestrian.0004,vehicle.nissan.patrol_2021,48.419794,49.92180633544922,1.640014410018921,13.449942778712238,False,0.001640014410018921,0.013449942778712238,3310.0,500,135.02288818359375,12.385072708129883,0.9514999985694885,85.15727233886719,7.877202033996582,0.06877636164426804,-0.14840634167194366,-89.99999237060547,1.3340256899141423e-08,0.008688000030815601,0.6262864470481873,0.02072405442595482
47,1.8600000143051147,48,walker.pedestrian.0004,vehicle.nissan.patrol_2021,48.419793,49.706260681152344,1.640014410018921,13.449942591393553,False,0.001640014410018921,0.013449942591393553,3290.0,500,135.02288818359375,12.358832359313965,0.9514999985694885,85.37242889404297,7.87959098815918,0.06839870661497116,-0.14840634167194366,-89.99999237060547,1.3340256899141423e-08,0.008223547600209713,0.6213876008987427,0.020462429150938988
48,1.8600000143051147,49,walker.pedestrian.0004,vehicle.nissan.patrol_2021,48.419795,49.49073028564453,1.640014410018921,13.44994292428532,False,0.001640014410018921,0.01344994292428532,3280.0,500,135.02288818359375,12.332592964172363,0.9514999985694885,85.58757781982422,7.881962299346924,0.06802257150411606,-0.14840634167194366,-89.99999237060547,1.3340256899141423e-08,0.00768396258354187,0.6166788339614868,0.019993502646684647
49,1.8600000143051147,50,walker.pedestrian.0004,vehicle.nissan.patrol_2021,48.419798,49.27520751953125,1.640014410018921,13.449943832522903,False,0.001640014410018921,0.013449943832522904,3270.0,500,135.02288818359375,12.306352615356445,0.9514999985694885,85.80271911621094,7.884316444396973,0.06764732301235199,-0.14840634167194366,-89.99999237060547,1.3340256899141423e-08,0.0070897359400987625,0.6121951937675476,0.019343433901667595
50,1.8600000143051147,51,walker.pedestrian.0004,vehicle.nissan.patrol_2021,48.419797,49.05967712402344,1.640014410018921,13.449943473948982,False,0.001640014410018921,0.013449943473948983,3250.0,500,135.02288818359375,12.280112266540527,0.9514999985694885,86.01787567138672,7.886653423309326,0.06727271527051926,-0.14840634167194366,-89.99999237060547,1.3340256899141423e-08,0.0064408681355416775,0.6079639792442322,0.018537960946559906
51,1.8600000143051147,52,walker.pedestrian.0004,vehicle.nissan.patrol_2021,48.419798,48.844146728515625,1.640014410018921,13.449943813709112,False,0.001640014410018921,0.013449943813709111,3240.0,500,135.02288818359375,12.25387191772461,0.9514999985694885,86.23302459716797,7.888975620269775,0.06689868867397308,-0.14840634167194366,-89.99999237060547,1.3340256899141423e-08,0.00576467951759696,0.6040072441101074,0.01760224439203739
52,1.8600000143051147,53,walker.pedestrian.0004,vehicle.nissan.patrol_2021,48.419795,48.628631591796875,1.640014410018921,13.449942932044657,False,0.001640014410018921,0.013449942932044656,3220.0,500,135.02288818359375,12.227631568908691,0.9514999985694885,86.44817352294922,7.8912811279296875,0.06652450561523438,-0.14840634167194366,-89.99999237060547,1.3340256899141423e-08,0.005074830260127783,0.6003416180610657,0.01656048558652401
53,1.8600000143051147,54,walker.pedestrian.0004,vehicle.nissan.patrol_2021,48.419794,48.413108825683594,1.640014410018921,13.449942791775014,False,0.001640014410018921,0.013449942791775013,3210.0,500,135.02288818359375,12.201391220092773,0.9514999985694885,86.66331481933594,7.893575191497803,0.06615054607391357,-0.14840634167194366,-89.99999237060547,1.3340256899141423e-08,0.004371320828795433,0.5969774723052979,0.015435818582773209
54,1.8600000143051147,55,walker.pedestrian.0004,vehicle.nissan.patrol_2021,48.419793,48.19757080078125,1.640014410018921,13.449942418372524,False,0.001640014410018921,0.013449942418372524,3190.0,500,135.02288818359375,12.175150871276855,0.9514999985694885,86.87847137451172,7.895852565765381,0.06577648222446442,-0.14840634167194366,-89.99999237060547,1.3340256899141423e-08,0.0036814718041568995,0.5939205884933472,0.014250215142965317
55,1.8600000143051147,56,walker.pedestrian.0004,vehicle.nissan.patrol_2021,48.419791,47.982032775878906,1.640014410018921,13.44994182330613,False,0.001640014410018921,0.01344994182330613,3180.0,500,135.02288818359375,12.148910522460938,0.9514999985694885,87.09362030029297,7.898113250732422,0.06540226191282272,-0.14840634167194366,-89.99999237060547,1.3340256899141423e-08,0.002998452866449952,0.5911730527877808,0.013023974373936653
56,1.8600000143051147,57,walker.pedestrian.0004,vehicle.nissan.patrol_2021,48.419788,47.766517639160156,1.640014410018921,13.449940998149048,False,0.001640014410018921,0.013449940998149048,3170.0,500,135.02288818359375,12.12267017364502,0.9514999985694885,87.30876922607422,7.90036153793335,0.06502784788608551,-0.14840634167194366,-89.99999237060547,1.3340256899141423e-08,0.002335924655199051,0.5887324810028076,0.01177571527659893
57,1.8600000143051147,58,walker.pedestrian.0004,vehicle.nissan.patrol_2021,48.419791,47.55097961425781,1.640014410018921,13.449941809809998,False,0.001640014410018921,0.013449941809809997,3150.0,500,135.02288818359375,12.096430778503418,0.9514999985694885,87.52392578125,7.902598857879639,0.06465320289134979,-0.14840634167194366,-89.99999237060547,1.3340256899141423e-08,0.0017075472278520465,0.5865934491157532,0.010522369295358658
58,1.8600000143051147,59,walker.pedestrian.0004,vehicle.nissan.patrol_2021,48.419789,47.33545684814453,1.640014410018921,13.449941381897874,False,0.001640014410018921,0.013449941381897874,3140.0,500,135.02288818359375,12.0701904296875,0.9514999985694885,87.73906707763672,7.904832363128662,0.06427840888500214,-0.14840634167194366,-89.99999237060547,1.3340256899141423e-08,0.0011064906138926744,0.584748387336731,0.009279255755245686
59,1.8600000143051147,60,walker.pedestrian.0004,vehicle.nissan.patrol_2021,48.419779,47.11994171142578,1.640014410018921,13.449938723655318,False,0.001640014410018921,0.013449938723655318,3120.0,500,135.02288818359375,12.043950080871582,0.9514999985694885,87.95421600341797,7.907054901123047,0.06390388309955597,-0.14840634167194366,-89.99999237060547,1.3340256899141423e-08,0.0005464151035994291,0.583184540271759,0.008060280233621597
60,1.8600000143051147,61,walker.pedestrian.0004,vehicle.nissan.patrol_2021,48.419779,46.90440368652344,1.640014410018921,13.449938586453882,False,0.001640014410018921,0.013449938586453882,3110.0,500,135.02288818359375,12.017709732055664,0.9514999985694885,88.16937255859375,7.909265041351318,0.0635291263461113,-0.14840634167194366,-89.99999237060547,1.3340256899141423e-08,2.7320755179971457e-05,0.581888735294342,0.006877335719764233
61,1.8600000143051147,62,walker.pedestrian.0004,vehicle.nissan.patrol_2021,48.419777,46.688873291015625,1.640014410018921,13.44993808868629,False,0.001640014410018921,0.013449938088686289,3090.0,500,135.02288818359375,11.991469383239746,0.9514999985694885,88.384521484375,7.911471843719482,0.06315494328737259,-0.14840634167194366,-89.99999237060547,1.3340256899141423e-08,-0.00045762263471260667,0.5808464884757996,0.0057404921390116215
62,1.8600000143051147,63,walker.pedestrian.0004,vehicle.nissan.patrol_2021,48.419774,46.473350524902344,1.640014410018921,13.449937150328928,False,0.001640014410018921,0.013449937150328928,3080.0,500,135.02288818359375,11.965229034423828,0.9514999985694885,88.59967803955078,7.913674354553223,0.06278102844953537,-0.14840634167194366,-89.99999237060547,1.3340256899141423e-08,-0.0008879245724529028,0.5800417065620422,0.00465841218829155
63,1.8600000143051147,64,walker.pedestrian.0004,vehicle.nissan.patrol_2021,48.419772,46.2578125,1.640014410018921,13.44993669610184,False,0.001640014410018921,0.01344993669610184,3070.0,500,135.02288818359375,11.93898868560791,0.9514999985694885,88.81483459472656,7.915867328643799,0.06240760535001755,-0.14840634167194366,-89.99999237060547,1.3340256899141423e-08,-0.0012840754352509975,0.5794564485549927,0.0036381790414452553
64,1.8600000143051147,65,walker.pedestrian.0004,vehicle.nissan.patrol_2021,48.419769,46.04228973388672,1.640014410018921,13.44993578318297,False,0.001640014410018921,0.01344993578318297,3050.0,500,135.02288818359375,11.912748336791992,0.9514999985694885,89.02997589111328,7.918056964874268,0.06203456595540047,-0.14840634167194366,-89.99999237060547,1.3340256899141423e-08,-0.0016187547007575631,0.5790732502937317,0.002685096813365817
65,1.8600000143051147,66,walker.pedestrian.0004,vehicle.nissan.patrol_2021,48.419767,45.82676696777344,1.640014410018921,13.44993525566692,False,0.001640014410018921,0.013449935255666921,3040.0,500,135.02288818359375,11.88650894165039,0.9514999985694885,89.24513244628906,7.920245170593262,0.06166263297200203,-0.14840634167194366,-89.99999237060547,1.3340256899141423e-08,-0.00191928306594491,0.5788732767105103,0.0018032080261036754
66,1.8600000143051147,67,walker.pedestrian.0004,vehicle.nissan.patrol_2021,48.419766,45.611228942871094,1.640014410018921,13.449935110073326,False,0.001640014410018921,0.013449935110073327,3020.0,500,135.02288818359375,11.860268592834473,0.9514999985694885,89.46028900146484,7.922431468963623,0.061291616410017014,-0.14840634167194366,-89.99999237060547,1.3340256899141423e-08,-0.002165169920772314,0.5788384079933167,0.0009954349370673299
67,1.8600000143051147,68,walker.pedestrian.0004,vehicle.nissan.patrol_2021,48.419764,45.39569854736328,1.640014410018921,13.449934336464285,False,0.001640014410018921,0.013449934336464285,3010.0,500,135.02288818359375,11.834028244018555,0.9514999985694885,89.6754379272461,7.924615383148193,0.06092170625925064,-0.14840634167194366,-89.99999237060547,1.3340256899141423e-08,-0.0024110565427690744,0.5789499878883362,0.00026351193082518876
68,1.8600000143051147,69,walker.pedestrian.0004,vehicle.nissan.patrol_2021,48.419759,45.18016052246094,1.640014410018921,13.449932937963998,False,0.001640014410018921,0.013449932937963998,2990.0,500,135.02288818359375,11.807787895202637,0.9514999985694885,89.89059448242188,7.926797866821289,0.06055305525660515,-0.14840634167194366,-89.99999237060547,1.3340256899141423e-08,-0.002568150870501995,0.5791898965835571,-0.000396728515625
69,1.8600000143051147,70,walker.pedestrian.0004,vehicle.nissan.patrol_2021,48.419758,44.964637756347656,1.640014410018921,13.449932727010138,False,0.001640014410018921,0.013449932727010137,2980.0,500,135.02288818359375,11.781547546386719,0.9514999985694885,90.10575103759766,7.928977966308594,0.060185812413692474,-0.14840634167194366,-89.99999237060547,1.3340256899141423e-08,-0.0027184151113033295,0.5795403718948364,-0.0009765624417923391
70,1.8600000143051147,71,walker.pedestrian.0004,vehicle.nissan.patrol_2021,48.419754,44.74909973144531,1.640014410018921,13.449931804733227,False,0.001640014410018921,0.013449931804733226,2970.0,500,135.02288818359375,11.7553071975708,0.9514999985694885,90.32090759277344,7.93115758895874,0.059820402413606644,-0.14840634167194366,-89.99999237060547,1.3340256899141423e-08,-0.0028413585387170315,0.5799855589866638,-0.00146484375
71,1.8600000143051147,72,walker.pedestrian.0004,vehicle.nissan.patrol_2021,48.419752,44.53357696533203,1.640014410018921,13.449931075769936,False,0.001640014410018921,0.013449931075769936,2950.0,500,135.02288818359375,11.729066848754883,0.9514999985694885,90.53606414794922,7.933335304260254,0.059456367045640945,-0.14840634167194366,-89.99999237060547,1.3340256899141423e-08,-0.0029028302524238825,0.5805092453956604,-0.001922607421875
72,1.8600000143051147,73,walker.pedestrian.0004,vehicle.nissan.patrol_2021,48.421366,44.31803894042969,1.640014410018921,13.450379512574333,False,0.001640014410018921,0.013450379512574334,2940.0,500,135.02288818359375,11.702826499938965,0.9514999985694885,90.751220703125,7.935512065887451,0.05909419804811478,-0.14840634167194366,-89.99999237060547,1.3340256899141423e-08,-0.002930151065811515,0.5810659527778625,-0.0022583005484193563
73,1.8600000143051147,74,walker.pedestrian.0004,vehicle.nissan.patrol_2021,48.421365,44.102500915527344,1.640014410018921,13.450379079016018,False,0.001640014410018921,0.013450379079016018,2920.0,500,135.02288818359375,11.676587104797363,0.9514999985694885,90.96637725830078,7.937687397003174,0.05873378738760948,-0.14840634167194366,-89.99999237060547,1.3340256899141423e-08,-0.002930151065811515,0.5816224813461304,-0.0024719233624637127
74,1.8600000143051147,75,walker.pedestrian.0004,vehicle.nissan.patrol_2021,48.42136,43.88697814941406,1.640014410018921,13.450377685979776,False,0.001640014410018921,0.013450377685979776,2910.0,500,135.02288818359375,11.650346755981445,0.9514999985694885,91.18153381347656,7.939871788024902,0.05837520584464073,-0.14840634167194366,-89.99999237060547,1.3340256899141423e-08,-0.002868679352104664,0.5821791291236877,-0.0026245112530887127
75,1.8600000143051147,76,walker.pedestrian.0004,vehicle.nissan.patrol_2021,48.421358,43.67144012451172,1.640014410018921,13.450377214498735,False,0.001640014410018921,0.013450377214498734,2890.0,500,135.02288818359375,11.624106407165527,0.9514999985694885,91.39669036865234,7.942055702209473,0.058019254356622696,-0.14840634167194366,-89.99999237060547,1.3340256899141423e-08,-0.002807207638397813,0.5827358365058899,-0.0027160642202943563
76,1.8600000143051147,77,walker.pedestrian.0004,vehicle.nissan.patrol_2021,48.421356,43.455902099609375,1.640014410018921,13.450376757783369,False,0.001640014410018921,0.013450376757783369,2880.0,500,135.02288818359375,11.59786605834961,0.9514999985694885,91.61184692382812,7.944238662719727,0.05766521394252777,-0.14840634167194366,-89.99999237060547,1.3340256899141423e-08,-0.002684264210984111,0.583292543888092,-0.0027160642202943563
77,1.8600000143051147,78,walker.pedestrian.0004,vehicle.nissan.patrol_2021,48.421355,43.240379333496094,1.640014410018921,13.450376278347173,False,0.001640014410018921,0.013450376278347173,2870.0,500,135.02288818359375,11.571625709533691,0.9514999985694885,91.8270034790039,7.946421146392822,0.05731368809938431,-0.14840634167194366,-89.99999237060547,1.3340256899141423e-08,-0.002568150870501995,0.5838490128517151,-0.0026550288312137127
78,1.8600000143051147,79,walker.pedestrian.0004,vehicle.nissan.patrol_2021,48.421349,43.02484893798828,1.640014410018921,13.450374855998204,False,0.001640014410018921,0.013450374855998204,2850.0,500,135.02288818359375,11.545385360717773,0.9514999985694885,92.04215240478516,7.948613166809082,0.056964680552482605,-0.14840634167194366,-89.99999237060547,1.3340256899141423e-08,-0.0024110565427690744,0.584405779838562,-0.0025634765625
79,1.8600000143051147,80,walker.pedestrian.0004,vehicle.nissan.patrol_2021,48.421348,42.80931091308594,1.640014410018921,13.450374387201984,False,0.001640014410018921,0.013450374387201985,2840.0,500,135.02288818359375,11.519145011901855,0.9514999985694885,92.25730895996094,7.950804710388184,0.056618306785821915,-0.14840634167194366,-89.99999237060547,1.3340256899141423e-08,-0.002226641634479165,0.5849623680114746,-0.0024414057843387127
80,1.8600000143051147,81,walker.pedestrian.0004,vehicle.nissan.patrol_2021,48.421346,42.593772888183594,1.640014410018921,13.450373900492925,False,0.001640014410018921,0.013450373900492925,2820.0,500,135.02288818359375,11.492904663085938,0.9514999985694885,92.47248077392578,7.952996253967285,0.056274909526109695,-0.14840634167194366,-89.99999237060547,1.3340256899141423e-08,-0.0020763773936778307,0.5855191349983215,-0.0022888181265443563
81,1.8600000143051147,82,walker.pedestrian.0004,vehicle.nissan.patrol_2021,48.421341,42.37823486328125,1.640014410018921,13.450372503376926,False,0.001640014410018921,0.013450372503376926,2810.0,500,135.02288818359375,11.46666431427002,0.9514999985694885,92.68763732910156,7.9551873207092285,0.055933911353349686,-0.14840634167194366,-89.99999237060547,1.3340256899141423e-08,-0.0018919622525572777,0.5860759019851685,-0.0021362302359193563
82,1.8600000143051147,83,walker.pedestrian.0004,vehicle.nissan.patrol_2021,48.421339,42.162696838378906,1.640014410018921,13.450372050114058,False,0.001640014410018921,0.013450372050114059,2790.0,500,135.02288818359375,11.440424919128418,0.9514999985694885,92.90279388427734,7.957378387451172,0.05559574067592621,-0.14840634167194366,-89.99999237060547,1.3340256899141423e-08,-0.0016802264144644141,0.5866323709487915,-0.0019531248835846782
83,1.8600000143051147,84,walker.pedestrian.0004,vehicle.nissan.patrol_2021,48.421334,41.94715881347656,1.640014410018921,13.450370640722626,False,0.001640014410018921,0.013450370640722626,2780.0,500,135.02288818359375,11.4141845703125,0.9514999985694885,93.11795043945312,7.959578514099121,0.05526042729616165,-0.14840634167194366,-89.99999237060547,1.3340256899141423e-08,-0.001495811389759183,0.5871891379356384,-0.0017700194148346782
84,1.8600000143051147,85,walker.pedestrian.0004,vehicle.nissan.patrol_2021,48.421329,41.73163604736328,1.640014410018921,13.450369261594489,False,0.001640014410018921,0.01345036926159449,2770.0,500,135.02288818359375,11.387944221496582,0.9514999985694885,93.3331069946289,7.961779594421387,0.054928284138441086,-0.14840634167194366,-89.99999237060547,1.3340256899141423e-08,-0.00131139624863863,0.587745726108551,-0.0015563962515443563
85,1.8600000143051147,86,walker.pedestrian.0004,vehicle.nissan.patrol_2021,48.421328,41.516090393066406,1.640014410018921,13.45036885228575,False,0.001640014410018921,0.01345036885228575,2750.0,500,135.02288818359375,11.361703872680664,0.9514999985694885,93.54827117919922,7.963979721069336,0.05459846556186676,-0.14840634167194366,-89.99999237060547,1.3340256899141423e-08,-0.001126981107518077,0.5883023738861084,-0.0013732908992096782
86,1.8600000143051147,87,walker.pedestrian.0004,vehicle.nissan.patrol_2021,48.421326,41.30055236816406,1.640014410018921,13.450368447339972,False,0.001640014410018921,0.013450368447339973,2740.0,500,135.02288818359375,11.335463523864746,0.9514999985694885,93.763427734375,7.966180801391602,0.054271504282951355,-0.14840634167194366,-89.99999237060547,1.3340256899141423e-08,-0.0009767169831320643,0.5888587832450867,-0.001190185546875
87,1.8600000143051147,88,walker.pedestrian.0004,vehicle.nissan.patrol_2021,48.421322,41.08502960205078,1.640014410018921,13.45036712688506,False,0.001640014410018921,0.013450367126885061,2720.0,500,135.02288818359375,11.309223175048828,0.9514999985694885,93.97858428955078,7.968381881713867,0.053947217762470245,-0.14840634167194366,-89.99999237060547,1.3340256899141423e-08,-0.0007923019002191722,0.5894156098365784,-0.0010375974234193563
88,1.8600000143051147,89,walker.pedestrian.0004,vehicle.nissan.patrol_2021,48.42132,40.86949157714844,1.640014410018921,13.450366752386758,False,0.001640014410018921,0.013450366752386759,2710.0,500,135.02288818359375,11.28298282623291,0.9514999985694885,94.19374084472656,7.970592498779297,0.0536256767809391,-0.14840634167194366,-89.99999237060547,1.3340256899141423e-08,-0.0006420377176254988,0.5899722576141357,-0.0008850097074173391
89,1.8600000143051147,90,walker.pedestrian.0004,vehicle.nissan.patrol_2021,48.421319,40.653968811035156,1.640014410018921,13.450366408192927,False,0.001640014410018921,0.013450366408192927,2690.0,500,135.02288818359375,11.256742477416992,0.9514999985694885,94.40889739990234,7.972803115844727,0.053307149559259415,-0.14840634167194366,-89.99999237060547,1.3340256899141423e-08,-0.0004917735932394862,0.5905289649963379,-0.000732421875
90,1.8600000143051147,91,walker.pedestrian.0004,vehicle.nissan.patrol_2021,48.421318,40.43843078613281,1.640014410018921,13.450366079233914,False,0.001640014410018921,0.013450366079233915,2680.0,500,135.02288818359375,11.23050308227539,0.9514999985694885,94.62405395507812,7.975014686584473,0.05299091339111328,-0.14840634167194366,-89.99999237060547,1.3340256899141423e-08,-0.00036883019492961466,0.5910857915878296,-0.0005798339261673391
91,1.8600000143051147,92,walker.pedestrian.0004,vehicle.nissan.patrol_2021,48.421313,40.22288513183594,1.640014410018921,13.45036481766481,False,0.001640014410018921,0.013450364817664809,2670.0,500,135.02288818359375,11.204262733459473,0.9514999985694885,94.83921813964844,7.977225303649902,0.052677229046821594,-0.14840634167194366,-89.99999237060547,1.3340256899141423e-08,-0.0002458867966197431,0.5916420817375183,-0.000457763671875
92,1.8600000143051147,93,walker.pedestrian.0004,vehicle.nissan.patrol_2021,48.421312,40.007347106933594,1.640014410018921,13.45036452607467,False,0.001640014410018921,0.013450364526074671,2650.0,500,135.02288818359375,11.178022384643555,0.9514999985694885,95.05437469482422,7.9794464111328125,0.052366141229867935,-0.14840634167194366,-89.99999237060547,1.3340256899141423e-08,-0.00012294339830987155,0.59219890832901,-0.00033569333027116954
93,1.8600000143051147,94,walker.pedestrian.0004,vehicle.nissan.patrol_2021,48.421304,39.79182434082031,1.640014410018921,13.450362335454912,False,0.001640014410018921,0.013450362335454913,2640.0,500,135.02288818359375,11.151782035827637,0.9514999985694885,95.26953125,7.981667518615723,0.05205753073096275,-0.14840634167194366,-89.99999237060547,1.3340256899141423e-08,-3.415094397496432e-05,0.5927557349205017,-0.00024414061044808477
94,1.8600000143051147,95,walker.pedestrian.0004,vehicle.nissan.patrol_2021,48.421304,39.57628631591797,1.640014410018921,13.45036208724432,False,0.001640014410018921,0.01345036208724432,2620.0,500,135.02288818359375,11.125541687011719,0.9514999985694885,95.48468780517578,7.983888149261475,0.051751479506492615,-0.14840634167194366,-89.99999237060547,1.3340256899141423e-08,5.464151035994291e-05,0.5933119654655457,-0.00015258787607308477
95,1.8600000143051147,96,walker.pedestrian.0004,vehicle.nissan.patrol_2021,48.421303,39.360748291015625,1.640014410018921,13.450361838467813,False,0.001640014410018921,0.013450361838467813,2610.0,500,135.02288818359375,11.0993013381958,0.9514999985694885,95.69984436035156,7.986110210418701,0.051447562873363495,-0.14840634167194366,-89.99999237060547,1.3340256899141423e-08,0.00012977358710486442,0.5938687920570374,-9.155274165095761e-05
96,1.8600000143051147,97,walker.pedestrian.0004,vehicle.nissan.patrol_2021,48.421302,39.145225524902344,1.640014410018921,13.450361614203906,False,0.001640014410018921,0.013450361614203906,2590.0,500,135.02288818359375,11.073060989379883,0.9514999985694885,95.91500091552734,7.988331317901611,0.05114581808447838,-0.14840634167194366,-89.99999237060547,1.3340256899141423e-08,0.00019807547505479306,0.5944254994392395,-3.0517576306010596e-05
97,1.8600000143051147,98,walker.pedestrian.0004,vehicle.nissan.patrol_2021,48.421298,38.9296875,1.640014410018921,13.450360449635733,False,0.001640014410018921,0.013450360449635733,2580.0,500,135.02288818359375,11.046820640563965,0.9514999985694885,96.13015747070312,7.990562438964844,0.050846364349126816,-0.14840634167194366,-89.99999237060547,1.3340256899141423e-08,0.0002527169999666512,0.5949821472167969,3.773970456677489e-05
98,1.8600000143051147,99,walker.pedestrian.0004,vehicle.nissan.patrol_2021,48.421297,38.714141845703125,1.640014410018921,13.450360251544806,False,0.001640014410018921,0.013450360251544806,2570.0,500,135.02288818359375,11.020581245422363,0.9514999985694885,96.3453140258789,7.992794036865234,0.050549354404211044,-0.14840634167194366,-89.99999237060547,1.3340256899141423e-08,0.00029369810363277793,0.5955387353897095,8.175455877790228e-05
99,1.8600000143051147,100,walker.pedestrian.0004,vehicle.nissan.patrol_2021,48.421296,38.498626708984375,1.640014410018921,13.450360077298642,False,0.001640014410018921,0.013450360077298641,2550.0,500,135.02288818359375,10.994340896606445,0.9514999985694885,96.56046295166016,7.995025634765625,0.05025417357683182,-0.14840634167194366,-89.99999237060547,1.3340256899141423e-08,0.0003278490621596575,0.5960955619812012,0.00011681210162350908
100,1.8600000143051147,101,walker.pedestrian.0004,vehicle.nissan.patrol_2021,48.421296,38.28309631347656,1.640014410018921,13.450359907585193,False,0.001640014410018921,0.013450359907585193,2540.0,500,135.02288818359375,10.968100547790527,0.9514999985694885,96.77561950683594,7.997256755828857,0.04996112734079361,-0.14840634167194366,-89.99999237060547,1.3340256899141423e-08,0.00035516981733962893,0.5966522693634033,0.0001439927873434499
101,1.8600000143051147,102,walker.pedestrian.0004,vehicle.nissan.patrol_2021,48.421292,38.06755065917969,1.640014410018921,13.450358800004864,False,0.001640014410018921,0.013450358800004864,2520.0,500,135.02288818359375,10.94186019897461,0.9514999985694885,96.99077606201172,7.999488830566406,0.0496700294315815,-0.14840634167194366,-89.99999237060547,1.3340256899141423e-08,0.00036883019492961466,0.5972087979316711,0.00016396761930081993
102,1.8600000143051147,103,walker.pedestrian.0004,vehicle.nissan.patrol_2021,48.421288,37.85203552246094,1.640014410018921,13.450357708740787,False,0.001640014410018921,0.013450357708740788,2510.0,500,135.02288818359375,10.915619850158691,0.9514999985694885,97.2059326171875,8.001729965209961,0.04938087239861488,-0.14840634167194366,-89.99999237060547,1.3340256899141423e-08,0.0003824905725196004,0.5977655053138733,0.0001776728022377938
103,1.8600000143051147,104,walker.pedestrian.0004,vehicle.nissan.patrol_2021,48.421284,37.63648986816406,1.640014410018921,13.45035662734092,False,0.001640014410018921,0.01345035662734092,2490.0,500,135.02288818359375,10.889379501342773,0.9514999985694885,97.42108917236328,8.003972053527832,0.049093663692474365,-0.14840634167194366,-89.99999237060547,1.3340256899141423e-08,0.0003824905725196004,0.5983222723007202,0.00018601758347358555
104,1.8600000143051147,105,walker.pedestrian.0004,vehicle.nissan.patrol_2021,48.421283,37.42095184326172,1.640014410018921,13.450356511741072,False,0.001640014410018921,0.013450356511741072,2480.0,500,135.02288818359375,10.863139152526855,0.9514999985694885,97.63624572753906,8.006213188171387,0.04880863055586815,-0.14840634167194366,-89.99999237060547,1.3340256899141423e-08,0.0003824905725196004,0.5988786816596985,0.0001897850597742945
105,1.8600000143051147,106,walker.pedestrian.0004,vehicle.nissan.patrol_2021,48.421283,37.205413818359375,1.640014410018921,13.450356402196709,False,0.001640014410018921,0.013450356402196708,2470.0,500,135.02288818359375,10.836898803710938,0.9514999985694885,97.85140228271484,8.008455276489258,0.048525236546993256,-0.14840634167194366,-89.99999237060547,1.3340256899141423e-08,0.0003756603691726923,0.5994352698326111,0.00018965633353218436
106,1.8600000143051147,107,walker.pedestrian.0004,vehicle.nissan.patrol_2021,48.421283,36.989891052246094,1.640014410018921,13.450356308705897,False,0.001640014410018921,0.013450356308705898,2450.0,500,135.02288818359375,10.810659408569336,0.9514999985694885,98.06655883789062,8.010705947875977,0.04824355989694595,-0.14840634167194366,-89.99999237060547,1.3340256899141423e-08,0.00036200002068653703,0.5999920964241028,0.00018636145978234708
107,1.8600000143051147,108,walker.pedestrian.0004,vehicle.nissan.patrol_2021,48.421279,36.77435302734375,1.640014410018921,13.450355269297336,False,0.001640014410018921,0.013450355269297337,2440.0,500,135.02288818359375,10.784419059753418,0.9514999985694885,98.2817153930664,8.012957572937012,0.04796367511153221,-0.14840634167194366,-89.99999237060547,1.3340256899141423e-08,0.00034833961399272084,0.6005489230155945,0.0001804752100724727
108,1.8600000143051147,109,walker.pedestrian.0004,vehicle.nissan.patrol_2021,48.421279,36.558807373046875,1.640014410018921,13.450355197556158,False,0.001640014410018921,0.013450355197556158,2420.0,500,135.02288818359375,10.7581787109375,0.9514999985694885,98.49687194824219,8.015209197998047,0.047685813158750534,-0.14840634167194366,-89.99999237060547,1.3340256899141423e-08,0.0003278490621596575,0.6011054515838623,0.0001726499613141641
109,1.8600000143051147,110,walker.pedestrian.0004,vehicle.nissan.patrol_2021,48.421278,36.343292236328125,1.640014410018921,13.450355127743448,False,0.001640014410018921,0.013450355127743448,2410.0,500,135.02288818359375,10.731938362121582,0.9514999985694885,98.71202850341797,8.017460823059082,0.04740943759679794,-0.14840634167194366,-89.99999237060547,1.3340256899141423e-08,0.0003073585103265941,0.6016619801521301,0.00016327566117979586
110,1.8600000143051147,111,walker.pedestrian.0004,vehicle.nissan.patrol_2021,48.421271,36.12774658203125,1.640014410018921,13.450353160274236,False,0.001640014410018921,0.013450353160274237,2390.0,500,135.02288818359375,10.705698013305664,0.9514999985694885,98.92718505859375,8.019712448120117,0.047134704887866974,-0.14840634167194366,-89.99999237060547,1.3340256899141423e-08,0.0002868679293897003,0.6022186875343323,0.00015288431313820183
111,1.8600000143051147,112,walker.pedestrian.0004,vehicle.nissan.patrol_2021,48.421271,35.91221618652344,1.640014410018921,13.450353108674678,False,0.001640014410018921,0.013450353108674679,2380.0,500,135.02288818359375,10.679457664489746,0.9514999985694885,99.14234161376953,8.02197265625,0.04686164855957031,-0.14840634167194366,-89.99999237060547,1.3340256899141423e-08,0.00026637734845280647,0.6027753949165344,0.00014186004409566522
112,1.8600000143051147,113,walker.pedestrian.0004,vehicle.nissan.patrol_2021,48.421271,35.696685791015625,1.640014410018921,13.450353068727628,False,0.001640014410018921,0.013450353068727628,2370.0,500,135.02288818359375,10.653217315673828,0.9514999985694885,99.35749816894531,8.024234771728516,0.04659026861190796,-0.14840634167194366,-89.99999237060547,1.3340256899141423e-08,0.0002458867966197431,0.6033320426940918,0.00013055713498033583
113,1.8600000143051147,114,walker.pedestrian.0004,vehicle.nissan.patrol_2021,48.421267,35.48114776611328,1.640014410018921,13.450352073040893,False,0.001640014410018921,0.013450352073040893,2350.0,500,135.02288818359375,10.62697696685791,0.9514999985694885,99.5726547241211,8.026495933532715,0.04632091522216797,-0.14840634167194366,-89.99999237060547,1.3340256899141423e-08,0.00021856604143977165,0.6038886308670044,0.00011906278086826205
114,1.8600000143051147,115,walker.pedestrian.0004,vehicle.nissan.patrol_2021,48.421267,35.26560974121094,1.640014410018921,13.45035204667101,False,0.001640014410018921,0.013450352046671011,2340.0,500,135.02288818359375,10.600736618041992,0.9514999985694885,99.78781127929688,8.028757095336914,0.046052854508161545,-0.14840634167194366,-89.99999237060547,1.3340256899141423e-08,0.00019807547505479306,0.6044454574584961,0.000107720130472444
115,1.8600000143051147,116,walker.pedestrian.0004,vehicle.nissan.patrol_2021,48.421267,35.050079345703125,1.640014410018921,13.450352023965038,False,0.001640014410018921,0.013450352023965039,2320.0,500,135.02288818359375,10.57449722290039,0.9514999985694885,100.00296783447266,8.031018257141113,0.04578643664717674,-0.14840634167194366,-89.99999237060547,1.3340256899141423e-08,0.0001707547198748216,0.6050019860267639,9.681913797976449e-05
116,1.8600000143051147,117,walker.pedestrian.0004,vehicle.nissan.patrol_2021,48.421264,34.83454895019531,1.640014410018921,13.450351055465525,False,0.001640014410018921,0.013450351055465526,2310.0,500,135.02288818359375,10.548256874084473,0.9514999985694885,100.21812438964844,8.033288955688477,0.04552154615521431,-0.14840634167194366,-89.99999237060547,1.3340256899141423e-08,0.000150264153489843,0.6055586934089661,8.633888501208276e-05
117,1.8600000143051147,118,walker.pedestrian.0004,vehicle.nissan.patrol_2021,48.421264,34.61900329589844,1.640014410018921,13.450351044297866,False,0.001640014410018921,0.013450351044297867,2290.0,500,135.02288818359375,10.522016525268555,0.9514999985694885,100.43328094482422,8.03555965423584,0.04525848105549812,-0.14840634167194366,-89.99999237060547,1.3340256899141423e-08,0.00012977358710486442,0.6061153411865234,7.655328954569995e-05
118,1.8600000143051147,119,walker.pedestrian.0004,vehicle.nissan.patrol_2021,48.42126,34.403480529785156,1.640014410018921,13.450350090866127,False,0.001640014410018921,0.013450350090866127,2280.0,500,135.02288818359375,10.495776176452637,0.9514999985694885,100.6484375,8.03783130645752,0.04499675706028938,-0.14840634167194366,-89.99999237060547,1.3340256899141423e-08,0.00010245283192489296,0.6066718697547913,6.73901304253377e-05
119,1.8600000143051147,120,walker.pedestrian.0004,vehicle.nissan.patrol_2021,48.421257,34.18794250488281,1.640014410018921,13.450349139055204,False,0.001640014410018921,0.013450349139055203,2270.0,500,135.02288818359375,10.469535827636719,0.9514999985694885,100.86359405517578,8.040102005004883,0.0447365939617157,-0.14840634167194366,-89.99999237060547,1.3340256899141423e-08,8.879245433490723e-05,0.6072285175323486,5.90213094255887e-05
120,1.8600000143051147,121,walker.pedestrian.0004,vehicle.nissan.patrol_2021,48.421257,33.97240447998047,1.640014410018921,13.450349148260832,False,0.001640014410018921,0.013450349148260833,2250.0,500,135.02288818359375,10.4432954788208,0.9514999985694885,101.07875061035156,8.04238224029541,0.044478148221969604,-0.14840634167194366,-89.99999237060547,1.3340256899141423e-08,6.830188794992864e-05,0.6077852845191956,5.143222369952127e-05
121,1.8600000143051147,122,walker.pedestrian.0004,vehicle.nissan.patrol_2021,48.421257,33.756866455078125,1.640014410018921,13.45034916173369,False,0.001640014410018921,0.013450349161733691,2240.0,500,135.02288818359375,10.417055130004883,0.9514999985694885,101.29390716552734,8.044663429260254,0.04422111436724663,-0.14840634167194366,-89.99999237060547,1.3340256899141423e-08,4.781132156495005e-05,0.6083421111106873,4.460292257135734e-05
122,1.8600000143051147,123,walker.pedestrian.0004,vehicle.nissan.patrol_2021,48.421257,33.54133605957031,1.640014410018921,13.450349190430964,False,0.001640014410018921,0.013450349190430965,2220.0,500,135.02288818359375,10.390814781188965,0.9514999985694885,101.50906372070312,8.046944618225098,0.04396602511405945,-0.14840634167194366,-89.99999237060547,1.3340256899141423e-08,3.415094397496432e-05,0.6088985204696655,3.858950003632344e-05
123,1.8600000143051147,124,walker.pedestrian.0004,vehicle.nissan.patrol_2021,48.421254,33.3258056640625,1.640014410018921,13.450348256220797,False,0.001640014410018921,0.013450348256220797,2210.0,500,135.02288818359375,10.364575386047363,0.9514999985694885,101.7242202758789,8.049224853515625,0.04371212050318718,-0.14840634167194366,-89.99999237060547,1.3340256899141423e-08,2.0490566384978592e-05,0.6094551682472229,3.331834159325808e-05
124,1.8600000143051147,125,walker.pedestrian.0004,vehicle.nissan.patrol_2021,48.421254,33.11028289794922,1.640014410018921,13.450348288736725,False,0.001640014410018921,0.013450348288736725,2190.0,500,135.02288818359375,10.338335037231445,0.9514999985694885,101.93936920166016,8.051505088806152,0.04345973953604698,-0.14840634167194366,-89.99999237060547,1.3340256899141423e-08,6.830188794992864e-06,0.610011875629425,2.883713023038581e-05
125,1.8600000143051147,126,walker.pedestrian.0004,vehicle.nissan.patrol_2021,48.421247,32.894744873046875,1.640014410018921,13.450346418978526,False,0.001640014410018921,0.013450346418978526,2180.0,500,135.02288818359375,10.312094688415527,0.9514999985694885,102.15452575683594,8.05379581451416,0.04320892319083214,-0.14840634167194366,-89.99999237060547,1.3340256899141423e-08,0.0,0.6105687022209167,2.495294393156655e-05
126,1.8600000143051147,127,walker.pedestrian.0004,vehicle.nissan.patrol_2021,48.421247,32.67920684814453,1.640014410018921,13.450346464143024,False,0.001640014410018921,0.013450346464143025,2170.0,500,135.02288818359375,10.28585433959961,0.9514999985694885,102.36968231201172,8.056086540222168,0.04295974597334862,-0.14840634167194366,-89.99999237060547,1.3340256899141423e-08,0.0,0.6111252307891846,2.174220935557969e-05
127,1.8600000143051147,128,walker.pedestrian.0004,vehicle.nissan.patrol_2021,48.421247,32.46366882324219,1.640014410018921,13.450346504028042,False,0.001640014410018921,0.013450346504028042,2150.0,500,135.02288818359375,10.259613990783691,0.9514999985694885,102.5848388671875,8.058377265930176,0.04271232336759567,-0.14840634167194366,-89.99999237060547,1.3340256899141423e-08,-3.415094397496432e-05,0.6116818189620972,1.916668588819448e-05
128,1.8600000143051147,129,walker.pedestrian.0004,vehicle.nissan.patrol_2021,48.421248,32.248138427734375,1.640014410018921,13.45034657050317,False,0.001640014410018921,0.01345034657050317,2140.0,500,135.02288818359375,10.233373641967773,0.9514999985694885,102.79999542236328,8.060667991638184,0.042466163635253906,-0.14840634167194366,-89.99999237060547,1.3340256899141423e-08,-3.415094397496432e-05,0.6122386455535889,1.702245390333701e-05
129,1.8600000143051147,130,walker.pedestrian.0004,vehicle.nissan.patrol_2021,48.421244,32.03260803222656,1.640014410018921,13.450345673035578,False,0.001640014410018921,0.013450345673035578,2120.0,500,135.02288818359375,10.207133293151855,0.9514999985694885,103.01515197753906,8.062957763671875,0.042221564799547195,-0.14840634167194366,-89.99999237060547,1.3340256899141423e-08,-3.415094397496432e-05,0.6127951741218567,1.5350828107330017e-05
130,1.8600000143051147,131,walker.pedestrian.0004,vehicle.nissan.patrol_2021,48.421245,31.817062377929688,1.640014410018921,13.450345735959754,False,0.001640014410018921,0.013450345735959754,2110.0,500,135.02288818359375,10.180892944335938,0.9514999985694885,103.23030853271484,8.065258026123047,0.04197845235466957,-0.14840634167194366,-89.99999237060547,1.3340256899141423e-08,-3.415094397496432e-05,0.6133519411087036,1.4157657460600603e-05
131,1.8600000143051147,132,walker.pedestrian.0004,vehicle.nissan.patrol_2021,48.421245,31.601539611816406,1.640014410018921,13.450345809759094,False,0.001640014410018921,0.013450345809759094,2090.0,500,135.02288818359375,10.154653549194336,0.9514999985694885,103.44546508789062,8.067558288574219,0.04173717275261879,-0.14840634167194366,-89.99999237060547,1.3340256899141423e-08,-3.415094397496432e-05,0.6139084100723267,1.3326202861208003e-05
132,1.8600000143051147,133,walker.pedestrian.0004,vehicle.nissan.patrol_2021,48.421238,31.386001586914062,1.640014410018921,13.450343972726188,False,0.001640014410018921,0.013450343972726188,2080.0,500,135.02288818359375,10.128413200378418,0.9514999985694885,103.6606216430664,8.06985855102539,0.04149707779288292,-0.14840634167194366,-89.99999237060547,1.3340256899141423e-08,-3.415094397496432e-05,0.6144652366638184,1.2839365808758885e-05
133,1.8600000143051147,134,walker.pedestrian.0004,vehicle.nissan.patrol_2021,48.421239,31.170455932617188,1.640014410018921,13.450344054368975,False,0.001640014410018921,0.013450344054368974,2070.0,500,135.02288818359375,10.1021728515625,0.9514999985694885,103.87577819824219,8.072158813476562,0.04125862196087837,-0.14840634167194366,-89.99999237060547,1.3340256899141423e-08,-3.415094397496432e-05,0.615021824836731,1.2857798537879717e-05
134,1.8600000143051147,135,walker.pedestrian.0004,vehicle.nissan.patrol_2021,48.421239,30.954933166503906,1.640014410018921,13.450344141024393,False,0.001640014410018921,0.013450344141024393,2050.0,500,135.02288818359375,10.075932502746582,0.9514999985694885,104.09093475341797,8.074468612670898,0.04102153703570366,-0.14840634167194366,-89.99999237060547,1.3340256899141423e-08,-3.415094397496432e-05,0.6155785322189331,1.29290956465411e-05
135,1.8600000143051147,136,walker.pedestrian.0004,vehicle.nissan.patrol_2021,48.421236,30.739395141601562,1.640014410018921,13.450343279919325,False,0.001640014410018921,0.013450343279919326,2040.0,500,135.02288818359375,10.049692153930664,0.9514999985694885,104.30609130859375,8.07677936553955,0.04078628495335579,-0.14840634167194366,-89.99999237060547,1.3340256899141423e-08,-3.415094397496432e-05,0.6161351799964905,1.3312567716639023e-05
136,1.8600000143051147,137,walker.pedestrian.0004,vehicle.nissan.patrol_2021,48.421236,30.52385711669922,1.640014410018921,13.4503433821027,False,0.001640014410018921,0.0134503433821027,2020.0,500,135.02288818359375,10.023451805114746,0.9514999985694885,104.52124786376953,8.07908821105957,0.04055217653512955,-0.14840634167194366,-89.99999237060547,1.3340256899141423e-08,-3.415094397496432e-05,0.6166918873786926,1.37829165396397e-05
137,1.8600000143051147,138,walker.pedestrian.0004,vehicle.nissan.patrol_2021,48.421237,30.308334350585938,1.640014410018921,13.450343484081944,False,0.001640014410018921,0.013450343484081945,2009.9999999999998,500,135.02288818359375,9.997211456298828,0.9514999985694885,104.73640441894531,8.081398963928223,0.04031963273882866,-0.14840634167194366,-89.99999237060547,1.3340256899141423e-08,-3.415094397496432e-05,0.6172485947608948,1.4404068679141346e-05
138,1.8600000143051147,139,walker.pedestrian.0004,vehicle.nissan.patrol_2021,48.421234,30.092788696289062,1.640014410018921,13.45034264052663,False,0.001640014410018921,0.01345034264052663,1990.0,500,135.02288818359375,9.97097110748291,0.9514999985694885,104.9515609741211,8.083708763122559,0.04008861631155014,-0.14840634167194366,-89.99999237060547,1.3340256899141423e-08,-3.415094397496432e-05,0.6178050637245178,1.5176496162894182e-05
139,1.8600000143051147,140,walker.pedestrian.0004,vehicle.nissan.patrol_2021,48.42123,29.87725067138672,1.640014410018921,13.450341803226785,False,0.001640014410018921,0.013450341803226785,1980.0,500,135.02288818359375,9.944730758666992,0.9514999985694885,105.16671752929688,8.086028099060059,0.039858970791101456,-0.14840634167194366,-89.99999237060547,1.3340256899141423e-08,-3.415094397496432e-05,0.6183618307113647,1.5764218915137462e-05
140,1.8600000143051147,141,walker.pedestrian.0004,vehicle.nissan.patrol_2021,48.421231,29.661712646484375,1.640014410018921,13.450341926965093,False,0.001640014410018921,0.013450341926965093,1970.0,500,135.02288818359375,9.91849136352539,0.9514999985694885,105.38187408447266,8.088348388671875,0.03963085263967514,-0.14840634167194366,-89.99999237060547,1.3340256899141423e-08,-3.415094397496432e-05,0.6189185976982117,1.6621570466668345e-05
141,1.8600000143051147,142,walker.pedestrian.0004,vehicle.nissan.patrol_2021,48.421228,29.446189880371094,1.640014410018921,13.450341097481154,False,0.001640014410018921,0.013450341097481154,1950.0,500,135.02288818359375,9.892251014709473,0.9514999985694885,105.59703063964844,8.090667724609375,0.03940441086888313,-0.14840634167194366,-89.99999237060547,1.3340256899141423e-08,-3.415094397496432e-05,0.6194748878479004,1.7359636331093498e-05
142,1.8600000143051147,143,walker.pedestrian.0004,vehicle.nissan.patrol_2021,48.421228,29.23064422607422,1.640014410018921,13.450341228473087,False,0.001640014410018921,0.013450341228473087,1940.0,500,135.02288818359375,9.866010665893555,0.9514999985694885,105.81218719482422,8.092987060546875,0.039179153740406036,-0.14840634167194366,-89.99999237060547,1.3340256899141423e-08,-3.415094397496432e-05,0.6200315952301025,1.8286971680936404e-05
143,1.8600000143051147,144,walker.pedestrian.0004,vehicle.nissan.patrol_2021,48.421229,29.015106201171875,1.640014410018921,13.450341365332932,False,0.001640014410018921,0.013450341365332932,1920.0,500,135.02288818359375,9.839770317077637,0.9514999985694885,106.02734375,8.095307350158691,0.03895523026585579,-0.14840634167194366,-89.99999237060547,1.3340256899141423e-08,-3.415094397496432e-05,0.6205883622169495,1.90477858268423e-05
144,1.8600000143051147,145,walker.pedestrian.0004,vehicle.nissan.patrol_2021,48.421229,28.799575805664062,1.640014410018921,13.45034151052979,False,0.001640014410018921,0.013450341510529791,1910.0,500,135.02288818359375,9.813529968261719,0.9514999985694885,106.24250030517578,8.097636222839355,0.038732871413230896,-0.14840634167194366,-89.99999237060547,1.3340256899141423e-08,-3.415094397496432e-05,0.6211451888084412,1.9774890461121686e-05
145,1.8600000143051147,146,walker.pedestrian.0004,vehicle.nissan.patrol_2021,48.421223,28.58404541015625,1.640014410018921,13.450339754114218,False,0.001640014410018921,0.013450339754114218,1890.0,500,135.02288818359375,9.7872896194458,0.9514999985694885,106.45765686035156,8.099966049194336,0.03851211443543434,-0.14840634167194366,-89.99999237060547,1.3340256899141423e-08,-3.415094397496432e-05,0.6217016577720642,2.046164809144102e-05
146,1.8600000143051147,147,walker.pedestrian.0004,vehicle.nissan.patrol_2021,48.421224,28.368499755859375,1.640014410018921,13.450339904419552,False,0.001640014410018921,0.013450339904419552,1880.0,500,135.02288818359375,9.761049270629883,0.9514999985694885,106.67281341552734,8.102294921875,0.038292501121759415,-0.14840634167194366,-89.99999237060547,1.3340256899141423e-08,0.0,0.6222583055496216,2.0946374206687324e-05
147,1.8600000143051147,148,walker.pedestrian.0004,vehicle.nissan.patrol_2021,48.421221,28.152976989746094,1.640014410018921,13.450339097366907,False,0.001640014410018921,0.013450339097366907,1870.0,500,135.02288818359375,9.734808921813965,0.9514999985694885,106.88796997070312,8.10462474822998,0.03807441517710686,-0.14840634167194366,-89.99999237060547,1.3340256899141423e-08,0.0,0.6228148341178894,2.1393721908680163e-05
148,1.8600000143051147,149,walker.pedestrian.0004,vehicle.nissan.patrol_2021,48.421221,27.93744659423828,1.640014410018921,13.450339261984572,False,0.001640014410018921,0.013450339261984572,1850.0,500,135.02288818359375,9.708569526672363,0.9514999985694885,107.10311889648438,8.106964111328125,0.03785766661167145,-0.14840634167194366,-89.99999237060547,1.3340256899141423e-08,0.0,0.6233716011047363,2.180985757149756e-05
149,1.8600000143051147,150,walker.pedestrian.0004,vehicle.nissan.patrol_2021,48.421222,27.721900939941406,1.640014410018921,13.450339431385473,False,0.001640014410018921,0.013450339431385473,1840.0,500,135.02288818359375,9.682329177856445,0.9514999985694885,107.31827545166016,8.10930347442627,0.03764263167977333,-0.14840634167194366,-89.99999237060547,1.3340256899141423e-08,0.0,0.6239281892776489,2.2312189685180783e-05
150,1.8600000143051147,151,walker.pedestrian.0004,vehicle.nissan.patrol_2021,48.421223,27.506378173828125,1.640014410018921,13.450339606621842,False,0.001640014410018921,0.013450339606621842,1820.0,500,135.02288818359375,9.656088829040527,0.9514999985694885,107.53343200683594,8.111642837524414,0.037428587675094604,-0.14840634167194366,-89.99999237060547,1.3340256899141423e-08,0.0,0.6244849562644958,2.2679487301502377e-05
151,1.8600000143051147,152,walker.pedestrian.0004,vehicle.nissan.patrol_2021,48.42122,27.29084014892578,1.640014410018921,13.45033883092273,False,0.001640014410018921,0.01345033883092273,1810.0,500,135.02288818359375,9.62984848022461,0.9514999985694885,107.74858856201172,8.113982200622559,0.03721599653363228,-0.14840634167194366,-89.99999237060547,1.3340256899141423e-08,0.0,0.625041663646698,2.3030414013192058e-05
152,1.8600000143051147,153,walker.pedestrian.0004,vehicle.nissan.patrol_2021,48.421217,27.075302124023438,1.640014410018921,13.450338059932205,False,0.001640014410018921,0.013450338059932206,1790.0,500,135.02288818359375,9.603608131408691,0.9514999985694885,107.9637451171875,8.116321563720703,0.037004776298999786,-0.14840634167194366,-89.99999237060547,1.3340256899141423e-08,0.0,0.6255983114242554,2.3322494598687626e-05
153,1.8600000143051147,154,walker.pedestrian.0004,vehicle.nissan.patrol_2021,48.421214,26.859771728515625,1.640014410018921,13.450337295865411,False,0.001640014410018921,0.013450337295865412,1780.0,500,135.02288818359375,9.577367782592773,0.9514999985694885,108.17890167236328,8.118670463562012,0.036794889718294144,-0.14840634167194366,-89.99999237060547,1.3340256899141423e-08,0.0,0.6261550784111023,2.3594931917614304e-05
154,1.8600000143051147,155,walker.pedestrian.0004,vehicle.nissan.patrol_2021,48.421215,26.64423370361328,1.640014410018921,13.450337491940584,False,0.001640014410018921,0.013450337491940583,1770.0,500,135.02288818359375,9.551127433776855,0.9514999985694885,108.39405822753906,8.12101936340332,0.03658660873770714,-0.14840634167194366,-89.99999237060547,1.3340256899141423e-08,6.830188794992864e-06,0.6267117261886597,2.3784801669535227e-05
155,1.8600000143051147,156,walker.pedestrian.0004,vehicle.nissan.patrol_2021,48.421216,26.428695678710938,1.640014410018921,13.450337685831341,False,0.001640014410018921,0.013450337685831341,1750.0,500,135.02288818359375,9.524887084960938,0.9514999985694885,108.60921478271484,8.123368263244629,0.03637935593724251,-0.14840634167194366,-89.99999237060547,1.3340256899141423e-08,6.830188794992864e-06,0.6272682547569275,2.3913567929412238e-05
156,1.8600000143051147,157,walker.pedestrian.0004,vehicle.nissan.patrol_2021,48.421216,26.213165283203125,1.640014410018921,13.450337888448765,False,0.001640014410018921,0.013450337888448764,1740.0,500,135.02288818359375,9.498647689819336,0.9514999985694885,108.82437133789062,8.125717163085938,0.03617347776889801,-0.14840634167194366,-89.99999237060547,1.3340256899141423e-08,6.830188794992864e-06,0.6278247833251953,2.4218272301368415e-05
157,1.8600000143051147,158,walker.pedestrian.0004,vehicle.nissan.patrol_2021,48.42121,25.99762725830078,1.640014410018921,13.450336190221634,False,0.001640014410018921,0.013450336190221634,1720.0,500,135.02288818359375,9.472407341003418,0.9514999985694885,109.0395278930664,8.128066062927246,0.03596881777048111,-0.14840634167194366,-89.99999237060547,1.3340256899141423e-08,6.830188794992864e-06,0.628381609916687,2.4196639060392044e-05
158,1.8600000143051147,159,walker.pedestrian.0004,vehicle.nissan.patrol_2021,48.421211,25.782089233398438,1.640014410018921,13.450336403696353,False,0.001640014410018921,0.013450336403696353,1710.0,500,135.02288818359375,9.4461669921875,0.9514999985694885,109.25468444824219,8.130425453186035,0.035765837877988815,-0.14840634167194366,-89.99999237060547,1.3340256899141423e-08,6.830188794992864e-06,0.6289380192756653,2.4520819351891987e-05
159,1.8600000143051147,160,walker.pedestrian.0004,vehicle.nissan.patrol_2021,48.292198,25.566986083984375,1.640014410018921,13.414499545769877,False,0.001640014410018921,0.013414499545769877,1700.0,500,135.02288818359375,9.419926643371582,0.9514999985694885,109.46942138671875,8.132848739624023,0.035575635731220245,-0.14840634167194366,-89.99999237060547,1.3340256899141423e-08,-0.0014684905763715506,0.6321715116500854,-0.0010986328125
160,1.8600000143051147,161,walker.pedestrian.0004,vehicle.nissan.patrol_2021,48.416459,25.351463317871094,1.640014410018921,13.449016334654452,False,0.001640014410018921,0.013449016334654453,1680.0,500,135.02288818359375,9.393686294555664,0.9514999985694885,109.68455505371094,8.135276794433594,0.03538242354989052,-0.14840634167194366,-89.99999237060547,1.3340256899141423e-08,-0.0030257736798375845,0.6403535008430481,-0.004150390625
161,1.8600000143051147,162,walker.pedestrian.0004,vehicle.nissan.patrol_2021,48.419131,25.135940551757812,1.640014410018921,13.449758673805118,False,0.001640014410018921,0.013449758673805117,1670.0,500,135.02288818359375,9.367445945739746,0.9514999985694885,109.89970397949219,8.137713432312012,0.035183411091566086,-0.14840634167194366,-89.99999237060547,1.3340256899141423e-08,-0.004425962455570698,0.6528684496879578,-0.008697508834302425
162,1.8600000143051147,163,walker.pedestrian.0004,vehicle.nissan.patrol_2021,48.419359,24.92041015625,1.640014410018921,13.449821968587763,False,0.001640014410018921,0.013449821968587763,1650.0,500,135.02288818359375,9.341205596923828,0.9514999985694885,110.11485290527344,8.140154838562012,0.03497924655675888,-0.14840634167194366,-89.99999237060547,1.3340256899141423e-08,-0.005580264143645763,0.6684607863426208,-0.014068604446947575
163,1.8600000143051147,164,walker.pedestrian.0004,vehicle.nissan.patrol_2021,48.419333,24.704879760742188,1.640014410018921,13.44981481978251,False,0.001640014410018921,0.01344981481978251,1640.0,500,135.02288818359375,9.31496524810791,0.9514999985694885,110.32999420166016,8.14264965057373,0.034770622849464417,-0.14840634167194366,-89.99999237060547,1.3340256899141423e-08,-0.0065638115629553795,0.686446487903595,-0.01989745907485485
164,1.8600000143051147,165,walker.pedestrian.0004,vehicle.nissan.patrol_2021,48.419368,24.489341735839844,1.640014410018921,13.449824485061093,False,0.001640014410018921,0.013449824485061093,1620.0,500,135.02288818359375,9.288725852966309,0.9514999985694885,110.5451431274414,8.145193099975586,0.03455844894051552,-0.14840634167194366,-89.99999237060547,1.3340256899141423e-08,-0.007356113288551569,0.7066437602043152,-0.02600097842514515
165,1.8600000143051147,166,walker.pedestrian.0004,vehicle.nissan.patrol_2021,48.419391,24.273818969726562,1.640014410018921,13.449830786145782,False,0.001640014410018921,0.013449830786145782,1610.0,500,135.02288818359375,9.26248550415039,0.9514999985694885,110.76029968261719,8.147794723510742,0.034343376755714417,-0.14840634167194366,-89.99999237060547,1.3340256899141423e-08,-0.007936679758131504,0.7285443544387817,-0.0321350060403347
166,1.8600000143051147,167,walker.pedestrian.0004,vehicle.nissan.patrol_2021,48.419443,24.05828094482422,1.640014410018921,13.449845304179124,False,0.001640014410018921,0.013449845304179125,1590.0,500,135.02288818359375,9.236245155334473,0.9514999985694885,110.97544860839844,8.150461196899414,0.03412635624408722,-0.14840634167194366,-89.99999237060547,1.3340256899141423e-08,-0.008394301868975163,0.751679003238678,-0.0380554161965847
167,1.8600000143051147,168,walker.pedestrian.0004,vehicle.nissan.patrol_2021,48.419477,23.842727661132812,1.640014410018921,13.449854690096789,False,0.001640014410018921,0.01344985469009679,1580.0,500,135.02288818359375,9.210004806518555,0.9514999985694885,111.19060516357422,8.153200149536133,0.0339079275727272,-0.14840634167194366,-89.99999237060547,1.3340256899141423e-08,-0.008667510002851486,0.7756189107894897,-0.0435791052877903
168,1.8600000143051147,169,walker.pedestrian.0004,vehicle.nissan.patrol_2021,48.419482,23.627197265625,1.640014410018921,13.449856007566867,False,0.001640014410018921,0.013449856007566867,1570.0,500,135.02288818359375,9.183764457702637,0.9514999985694885,111.40576171875,8.156014442443848,0.033688735216856,-0.14840634167194366,-89.99999237060547,1.3340256899141423e-08,-0.008824603632092476,0.7999796271324158,-0.0485534593462944
169,1.8600000143051147,170,walker.pedestrian.0004,vehicle.nissan.patrol_2021,48.419522,23.411651611328125,1.640014410018921,13.449867355258188,False,0.001640014410018921,0.013449867355258188,1550.0,500,135.02288818359375,9.157524108886719,0.9514999985694885,111.62091827392578,8.158909797668457,0.03346958011388779,-0.14840634167194366,-89.99999237060547,1.3340256899141423e-08,-0.008851924911141396,0.824417233467102,-0.0528869591653347
170,1.8600000143051147,171,walker.pedestrian.0004,vehicle.nissan.patrol_2021,48.419513,23.196090698242188,1.640014410018921,13.449864849483486,False,0.001640014410018921,0.013449864849483486,1540.0,500,135.02288818359375,9.1312837600708,0.9514999985694885,111.8360824584961,8.161886215209961,0.03325077146291733,-0.14840634167194366,-89.99999237060547,1.3340256899141423e-08,-0.008790452964603901,0.8486289978027344,-0.0564880296587944
171,1.8600000143051147,172,walker.pedestrian.0004,vehicle.nissan.patrol_2021,48.419571,22.980560302734375,1.640014410018921,13.449880834630594,False,0.001640014410018921,0.013449880834630595,1520.0,500,135.02288818359375,9.105043411254883,0.9514999985694885,112.05123901367188,8.16492748260498,0.03303291276097298,-0.14840634167194366,-89.99999237060547,1.3340256899141423e-08,-0.008640188723802567,0.8716215491294861,-0.0590209886431694
172,1.8600000143051147,173,walker.pedestrian.0004,vehicle.nissan.patrol_2021,48.419561,22.764999389648438,1.640014410018921,13.449878177612932,False,0.001640014410018921,0.013449878177612933,1510.0,500,135.02288818359375,9.078803062438965,0.9514999985694885,112.26640319824219,8.168066024780273,0.03281639143824577,-0.14840634167194366,-89.99999237060547,1.3340256899141423e-08,-0.008394301868975163,0.8931127786636353,-0.0604553148150444
173,1.8600000143051147,174,walker.pedestrian.0004,vehicle.nissan.patrol_2021,48.419576,22.54944610595703,1.640014410018921,13.449882267247277,False,0.001640014410018921,0.013449882267247278,1490.0,500,135.02288818359375,9.052563667297363,0.9514999985694885,112.48155975341797,8.171282768249512,0.032601241022348404,-0.14840634167194366,-89.99999237060547,1.3340256899141423e-08,-0.008086943998932838,0.9134215116500854,-0.0610656701028347
174,1.8600000143051147,175,walker.pedestrian.0004,vehicle.nissan.patrol_2021,48.419588,22.333900451660156,1.640014410018921,13.449885461909028,False,0.001640014410018921,0.013449885461909028,1480.0,500,135.02288818359375,9.026323318481445,0.9514999985694885,112.69672393798828,8.174575805664062,0.032388534396886826,-0.14840634167194366,-89.99999237060547,1.3340256899141423e-08,-0.007724943570792675,0.9324440360069275,-0.0608520470559597
175,1.8600000143051147,176,walker.pedestrian.0004,vehicle.nissan.patrol_2021,48.419574,22.11834716796875,1.640014410018921,13.44988174956344,False,0.001640014410018921,0.01344988174956344,1470.0,500,135.02288818359375,9.000082969665527,0.9514999985694885,112.91188049316406,8.177939414978027,0.03217765688896179,-0.14840634167194366,-89.99999237060547,1.3340256899141423e-08,-0.007328792475163937,0.9501029253005981,-0.0599059984087944
176,1.8600000143051147,177,walker.pedestrian.0004,vehicle.nissan.patrol_2021,48.419572,21.90277862548828,1.640014410018921,13.449881112277257,False,0.001640014410018921,0.013449881112277257,1450.0,500,135.02288818359375,8.97384262084961,0.9514999985694885,113.12704467773438,8.181371688842773,0.03196952864527702,-0.14840634167194366,-89.99999237060547,1.3340256899141423e-08,-0.006898490712046623,0.9663472771644592,-0.058258041739463806
177,1.8600000143051147,178,walker.pedestrian.0004,vehicle.nissan.patrol_2021,48.419589,21.687210083007812,1.640014410018921,13.4498859515762,False,0.001640014410018921,0.0134498859515762,1440.0,500,135.02288818359375,8.947602272033691,0.9514999985694885,113.34221649169922,8.184867858886719,0.031763914972543716,-0.14840634167194366,-89.99999237060547,1.3340256899141423e-08,-0.0064408681355416775,0.9811494946479797,-0.056060776114463806
178,1.8600000143051147,179,walker.pedestrian.0004,vehicle.nissan.patrol_2021,48.419574,21.471664428710938,1.640014410018921,13.449881626108622,False,0.001640014410018921,0.013449881626108622,1420.0,500,135.02288818359375,8.921361923217773,0.9514999985694885,113.557373046875,8.188423156738281,0.031561508774757385,-0.14840634167194366,-89.99999237060547,1.3340256899141423e-08,-0.005983245559036732,0.9945053458213806,-0.053344715386629105
179,1.8600000143051147,180,walker.pedestrian.0004,vehicle.nissan.patrol_2021,48.419566,21.25609588623047,1.640014410018921,13.449879336692025,False,0.001640014410018921,0.013449879336692025,1410.0,500,135.02288818359375,8.895121574401855,0.9514999985694885,113.77253723144531,8.192035675048828,0.03136157989501953,-0.14840634167194366,-89.99999237060547,1.3340256899141423e-08,-0.005525622516870499,1.0064277648925781,-0.0502014122903347
180,1.8600000143051147,181,walker.pedestrian.0004,vehicle.nissan.patrol_2021,48.419561,21.04052734375,1.640014410018921,13.449877950019538,False,0.001640014410018921,0.013449877950019538,1390.0,500,135.02288818359375,8.868881225585938,0.9514999985694885,113.98770141601562,8.195695877075195,0.031164702028036118,-0.14840634167194366,-89.99999237060547,1.3340256899141423e-08,-0.005067999940365553,1.0169485807418823,-0.0466918908059597
181,1.8600000143051147,182,walker.pedestrian.0004,vehicle.nissan.patrol_2021,48.419525,20.824981689453125,1.640014410018921,13.449868152398892,False,0.001640014410018921,0.013449868152398892,1380.0,500,135.02288818359375,8.842641830444336,0.9514999985694885,114.2028579711914,8.199384689331055,0.03097057342529297,-0.14840634167194366,-89.99999237060547,1.3340256899141423e-08,-0.004610377363860607,1.0254056453704834,-0.04266357421875
182,1.8600000143051147,183,walker.pedestrian.0004,vehicle.nissan.patrol_2021,48.419542,20.609413146972656,1.640014410018921,13.449872812261006,False,0.001640014410018921,0.013449872812261007,1370.0,500,135.02288818359375,8.816401481628418,0.9514999985694885,114.41802215576172,8.203130722045898,0.030779609456658363,-0.14840634167194366,-89.99999237060547,1.3340256899141423e-08,-0.004180075600743294,1.0318076610565186,-0.0381469763815403
183,1.8600000143051147,184,walker.pedestrian.0004,vehicle.nissan.patrol_2021,48.419566,20.393836975097656,1.640014410018921,13.449879490087804,False,0.001640014410018921,0.013449879490087805,1350.0,500,135.02288818359375,8.7901611328125,0.9514999985694885,114.63319396972656,8.2069091796875,0.03059135377407074,-0.14840634167194366,-89.99999237060547,1.3340256899141423e-08,-0.0037566039245575666,1.0367298126220703,-0.0334777794778347
184,1.8600000143051147,185,walker.pedestrian.0004,vehicle.nissan.patrol_2021,48.419569,20.17829132080078,1.640014410018921,13.449880164197657,False,0.001640014410018921,0.013449880164197656,1340.0,500,135.02288818359375,8.763920783996582,0.9514999985694885,114.84835052490234,8.21071720123291,0.03040592186152935,-0.14840634167194366,-89.99999237060547,1.3340256899141423e-08,-0.0033877736423164606,1.0403012037277222,-0.02874755673110485
185,1.8600000143051147,186,walker.pedestrian.0004,vehicle.nissan.patrol_2021,48.419569,19.962722778320312,1.640014410018921,13.44988039018451,False,0.001640014410018921,0.01344988039018451,1320.0,500,135.02288818359375,8.737680435180664,0.9514999985694885,115.06351470947266,8.214548110961914,0.03022334910929203,-0.14840634167194366,-89.99999237060547,1.3340256899141423e-08,-0.002991622779518366,1.0426433086395264,-0.0240478515625
186,1.8600000143051147,187,walker.pedestrian.0004,vehicle.nissan.patrol_2021,48.419563,19.747161865234375,1.640014410018921,13.44987871307891,False,0.001640014410018921,0.01344987871307891,1310.0,500,135.02288818359375,8.711440086364746,0.9514999985694885,115.27867126464844,8.21839714050293,0.030043143779039383,-0.14840634167194366,-89.99999237060547,1.3340256899141423e-08,-0.0026569433975964785,1.0438822507858276,-0.01947021298110485
187,1.8600000143051147,188,walker.pedestrian.0004,vehicle.nissan.patrol_2021,48.419562,19.531600952148438,1.640014410018921,13.449878451987779,False,0.001640014410018921,0.013449878451987779,1290.0,500,135.02288818359375,8.685199737548828,0.9514999985694885,115.49383544921875,8.222260475158691,0.029865913093090057,-0.14840634167194366,-89.99999237060547,1.3340256899141423e-08,-0.0023495848290622234,1.044136881828308,-0.015014649368822575
188,1.8600000143051147,189,walker.pedestrian.0004,vehicle.nissan.patrol_2021,48.419561,19.3160400390625,1.640014410018921,13.44987815389078,False,0.001640014410018921,0.013449878153890779,1280.0,500,135.02288818359375,8.65895938873291,0.9514999985694885,115.70899200439453,8.226133346557617,0.029690779745578766,-0.14840634167194366,-89.99999237060547,1.3340256899141423e-08,-0.0020763773936778307,1.0435266494750977,-0.01080322079360485
189,1.8600000143051147,190,walker.pedestrian.0004,vehicle.nissan.patrol_2021,48.419562,19.100479125976562,1.640014410018921,13.449878282200986,False,0.001640014410018921,0.013449878282200987,1270.0,500,135.02288818359375,8.632719993591309,0.9514999985694885,115.92414855957031,8.230012893676758,0.02951805107295513,-0.14840634167194366,-89.99999237060547,1.3340256899141423e-08,-0.0018031698418781161,1.042165756225586,-0.006835936568677425
190,1.8600000143051147,191,walker.pedestrian.0004,vehicle.nissan.patrol_2021,48.419513,18.884933471679688,1.640014410018921,13.44986467287421,False,0.001640014410018921,0.01344986467287421,1250.0,500,135.02288818359375,8.60647964477539,0.9514999985694885,116.1393051147461,8.233880043029785,0.029347572475671768,-0.14840634167194366,-89.99999237060547,1.3340256899141423e-08,-0.0015914340037852526,1.0395944118499756,-0.0029296877328306437
191,1.8600000143051147,192,walker.pedestrian.0004,vehicle.nissan.patrol_2021,48.419535,18.669357299804688,1.640014410018921,13.449870888580197,False,0.001640014410018921,0.013449870888580196,1240.0,500,135.02288818359375,8.580239295959473,0.9514999985694885,116.3544692993164,8.237760543823242,0.02917938120663166,-0.14840634167194366,-89.99999237060547,1.3340256899141423e-08,-0.001372867962345481,1.0358918905258179,0.0008837825153023005
192,1.8600000143051147,193,walker.pedestrian.0004,vehicle.nissan.patrol_2021,48.419543,18.45379638671875,1.640014410018921,13.449873018898813,False,0.001640014410018921,0.013449873018898814,1220.0,500,135.02288818359375,8.553998947143555,0.9514999985694885,116.56962585449219,8.2416353225708,0.029013099148869514,-0.14840634167194366,-89.99999237060547,1.3340256899141423e-08,-0.0012226038379594684,1.0315698385238647,0.004389179404824972
193,1.8600000143051147,194,walker.pedestrian.0004,vehicle.nissan.patrol_2021,48.419544,18.23822784423828,1.640014410018921,13.44987342454521,False,0.001640014410018921,0.013449873424545209,1210.0,500,135.02288818359375,8.527758598327637,0.9514999985694885,116.78478240966797,8.245502471923828,0.028848685324192047,-0.14840634167194366,-89.99999237060547,1.3340256899141423e-08,-0.001072339597158134,1.0267637968063354,0.007558563724160194
194,1.8600000143051147,195,walker.pedestrian.0004,vehicle.nissan.patrol_2021,48.419553,18.022689819335938,1.640014410018921,13.449875810584865,False,0.001640014410018921,0.013449875810584865,1190.0,500,135.02288818359375,8.501518249511719,0.9514999985694885,116.99993896484375,8.249359130859375,0.028686102479696274,-0.14840634167194366,-89.99999237060547,1.3340256899141423e-08,-0.0009493962279520929,1.0215950012207031,0.010370640084147453
195,1.8600000143051147,196,walker.pedestrian.0004,vehicle.nissan.patrol_2021,48.419553,17.80712127685547,1.640014410018921,13.449875915298021,False,0.001640014410018921,0.013449875915298021,1180.0,500,135.02288818359375,8.4752779006958,0.9514999985694885,117.21509552001953,8.253203392028809,0.028524931520223618,-0.14840634167194366,-89.99999237060547,1.3340256899141423e-08,-0.0008537736139260232,1.0161724090576172,0.012813336215913296
196,1.8600000143051147,197,walker.pedestrian.0004,vehicle.nissan.patrol_2021,48.419554,17.591552734375,1.640014410018921,13.4498760879091,False,0.001640014410018921,0.0134498760879091,1170.0,500,135.02288818359375,8.449037551879883,0.9514999985694885,117.43025207519531,8.257033348083496,0.02836528792977333,-0.14840634167194366,-89.99999237060547,1.3340256899141423e-08,-0.0007649811450392008,1.0105942487716675,0.014882965944707394
197,1.8600000143051147,198,walker.pedestrian.0004,vehicle.nissan.patrol_2021,48.41956,17.376014709472656,1.640014410018921,13.44987765645113,False,0.001640014410018921,0.01344987765645113,1150.0,500,135.02288818359375,8.422797203063965,0.9514999985694885,117.6454086303711,8.260847091674805,0.028207357972860336,-0.14840634167194366,-89.99999237060547,1.3340256899141423e-08,-0.0007308301865123212,1.0049474239349365,0.01658295840024948
198,1.8600000143051147,199,walker.pedestrian.0004,vehicle.nissan.patrol_2021,48.419565,17.160446166992188,1.640014410018921,13.449879092004746,False,0.001640014410018921,0.013449879092004745,1140.0,500,135.02288818359375,8.396557807922363,0.9514999985694885,117.86056518554688,8.264643669128418,0.028050459921360016,-0.14840634167194366,-89.99999237060547,1.3340256899141423e-08,-0.0007035094313323498,0.9993098974227905,0.01792316325008869
199,1.8600000143051147,200,walker.pedestrian.0004,vehicle.nissan.patrol_2021,48.419545,16.94488525390625,1.640014410018921,13.44987373024788,False,0.001640014410018921,0.01344987373024788,1120.0,500,135.02288818359375,8.370317459106445,0.9514999985694885,118.07572174072266,8.268411636352539,0.027894897386431694,-0.14840634167194366,-89.99999237060547,1.3340256899141423e-08,-0.0006761886761523783,0.9933269619941711,0.019093936309218407
200,1.8600000143051147,201,walker.pedestrian.0004,vehicle.nissan.patrol_2021,48.419554,16.729339599609375,1.640014410018921,13.449875973235482,False,0.001640014410018921,0.013449875973235482,1110.0,500,135.02288818359375,8.344077110290527,0.9514999985694885,118.29087829589844,8.272171020507812,0.02774055488407612,-0.14840634167194366,-89.99999237060547,1.3340256899141423e-08,-0.0006761886761523783,0.9870415925979614,0.02009708434343338
201,1.8600000143051147,202,walker.pedestrian.0004,vehicle.nissan.patrol_2021,48.419557,16.513778686523438,1.640014410018921,13.449876833300259,False,0.001640014410018921,0.013449876833300258,1090.0,500,135.02288818359375,8.31783676147461,0.9514999985694885,118.50603485107422,8.275911331176758,0.027587546035647392,-0.14840634167194366,-89.99999237060547,1.3340256899141423e-08,-0.0006761886761523783,0.9808124303817749,0.020818324759602547
202,1.8600000143051147,203,walker.pedestrian.0004,vehicle.nissan.patrol_2021,48.419563,16.2982177734375,1.640014410018921,13.449878719671892,False,0.001640014410018921,0.013449878719671892,1080.0,500,135.02288818359375,8.291596412658691,0.9514999985694885,118.72119140625,8.279630661010742,0.027435302734375,-0.14840634167194366,-89.99999237060547,1.3340256899141423e-08,-0.0007035094313323498,0.9747129678726196,0.021264927461743355
203,1.8600000143051147,204,walker.pedestrian.0004,vehicle.nissan.patrol_2021,48.419562,16.082672119140625,1.640014410018921,13.449878346428989,False,0.001640014410018921,0.013449878346428988,1070.0,500,135.02288818359375,8.265356063842773,0.9514999985694885,118.93634796142578,8.283329010009766,0.027283858507871628,-0.14840634167194366,-89.99999237060547,1.3340256899141423e-08,-0.0007308301865123212,0.9688032865524292,0.021449701860547066
204,1.8600000143051147,205,walker.pedestrian.0004,vehicle.nissan.patrol_2021,48.41955,15.867111206054688,1.640014410018921,13.449874951627484,False,0.001640014410018921,0.013449874951627484,1050.0,500,135.02288818359375,8.239115715026855,0.9514999985694885,119.15150451660156,8.287006378173828,0.027133673429489136,-0.14840634167194366,-89.99999237060547,1.3340256899141423e-08,-0.0007649811450392008,0.9631320834159851,0.02138933166861534
205,1.8600000143051147,206,walker.pedestrian.0004,vehicle.nissan.patrol_2021,48.419534,15.651573181152344,1.640014410018921,13.44987061030061,False,0.001640014410018921,0.013449870610300611,1040.0,500,135.02288818359375,8.212875366210938,0.9514999985694885,119.36664581298828,8.29066276550293,0.026984022930264473,-0.14840634167194366,-89.99999237060547,1.3340256899141423e-08,-0.0007923019002191722,0.9577413201332092,0.02110334485769272
206,1.8600000143051147,207,walker.pedestrian.0004,vehicle.nissan.patrol_2021,48.419543,15.436019897460938,1.640014410018921,13.449873099952361,False,0.001640014410018921,0.013449873099952362,1020.0,500,135.02288818359375,8.186635971069336,0.9514999985694885,119.58180236816406,8.294300079345703,0.02683544158935547,-0.14840634167194366,-89.99999237060547,1.3340256899141423e-08,-0.0008537736139260232,0.9526599049568176,0.02061336115002632
207,1.8600000143051147,208,walker.pedestrian.0004,vehicle.nissan.patrol_2021,48.419546,15.220466613769531,1.640014410018921,13.449873923517606,False,0.001640014410018921,0.013449873923517605,1010.0,500,135.02288818359375,8.160395622253418,0.9514999985694885,119.79695892333984,8.297918319702148,0.0266876220703125,-0.14840634167194366,-89.99999237060547,1.3340256899141423e-08,-0.0009152452694252133,0.947913646697998,0.0199425145983696
208,1.8600000143051147,209,walker.pedestrian.0004,vehicle.nissan.patrol_2021,48.419554,15.004905700683594,1.640014410018921,13.449875973928993,False,0.001640014410018921,0.013449875973928993,990.0,500,135.02288818359375,8.1341552734375,0.9514999985694885,120.01211547851562,8.301508903503418,0.026540527120232582,-0.14840634167194366,-89.99999237060547,1.3340256899141423e-08,-0.0009767169831320643,0.9432067275047302,0.019243573769927025
209,1.8600000143051147,210,walker.pedestrian.0004,vehicle.nissan.patrol_2021,48.419539,14.789352416992188,1.640014410018921,13.449871815300028,False,0.001640014410018921,0.013449871815300028,980.0,500,135.02288818359375,8.107914924621582,0.9514999985694885,120.2272720336914,8.30509090423584,0.02639438584446907,-0.14840634167194366,-89.99999237060547,1.3340256899141423e-08,-0.0010381886968389153,0.938538134098053,0.018528003245592117
210,1.8600000143051147,211,walker.pedestrian.0004,vehicle.nissan.patrol_2021,48.419545,14.573806762695312,1.640014410018921,13.44987370355529,False,0.001640014410018921,0.013449873703555291,970.0,500,135.02288818359375,8.081674575805664,0.9514999985694885,120.44242858886719,8.30865478515625,0.026248663663864136,-0.14840634167194366,-89.99999237060547,1.3340256899141423e-08,-0.0010996604105457664,0.9341394305229187,0.017719769850373268
211,1.8600000143051147,212,walker.pedestrian.0004,vehicle.nissan.patrol_2021,48.419548,14.358245849609375,1.640014410018921,13.449874532933505,False,0.001640014410018921,0.013449874532933505,950.0,500,135.02288818359375,8.055434226989746,0.9514999985694885,120.65758514404297,8.312201499938965,0.02610355243086815,-0.14840634167194366,-89.99999237060547,1.3340256899141423e-08,-0.0011611321242526174,0.9300328493118286,0.016829058527946472
212,1.8600000143051147,213,walker.pedestrian.0004,vehicle.nissan.patrol_2021,48.419548,14.142692565917969,1.640014410018921,13.449874514387355,False,0.001640014410018921,0.013449874514387354,940.0,500,135.02288818359375,8.029193878173828,0.9514999985694885,120.87274169921875,8.315730094909668,0.02595951035618782,-0.14840634167194366,-89.99999237060547,1.3340256899141423e-08,-0.001188452821224928,0.9262332320213318,0.015868084505200386
213,1.8600000143051147,214,walker.pedestrian.0004,vehicle.nissan.patrol_2021,48.419552,13.927154541015625,1.640014410018921,13.449875612491972,False,0.001640014410018921,0.013449875612491972,920.0,500,135.02288818359375,8.00295352935791,0.9514999985694885,121.087890625,8.319244384765625,0.02581607736647129,-0.14840634167194366,-89.99999237060547,1.3340256899141423e-08,-0.001249924534931779,0.9227494597434998,0.01484979223459959
214,1.8600000143051147,215,walker.pedestrian.0004,vehicle.nissan.patrol_2021,48.419553,13.711601257324219,1.640014410018921,13.449875917233316,False,0.001640014410018921,0.013449875917233315,910.0,500,135.02288818359375,7.97671365737915,0.9514999985694885,121.30304718017578,8.322746276855469,0.025673292577266693,-0.14840634167194366,-89.99999237060547,1.3340256899141423e-08,-0.00131139624863863,0.9195836186408997,0.0137872863560915
215,1.8600000143051147,216,walker.pedestrian.0004,vehicle.nissan.patrol_2021,48.419555,13.496040344238281,1.640014410018921,13.449876392283446,False,0.001640014410018921,0.013449876392283447,890.0,500,135.02288818359375,7.950473308563232,0.9514999985694885,121.51820373535156,8.32623291015625,0.025531424209475517,-0.14840634167194366,-89.99999237060547,1.3340256899141423e-08,-0.001372867962345481,0.9167345762252808,0.012694010511040688
216,1.8600000143051147,217,walker.pedestrian.0004,vehicle.nissan.patrol_2021,48.419557,13.280494689941406,1.640014410018921,13.449877052549269,False,0.001640014410018921,0.01344987705254927,880.0,500,135.02288818359375,7.924233436584473,0.9514999985694885,121.73336029052734,8.329706192016602,0.02538990043103695,-0.14840634167194366,-89.99999237060547,1.3340256899141423e-08,-0.0014070188626646996,0.9141985774040222,0.011582862585783005
217,1.8600000143051147,218,walker.pedestrian.0004,vehicle.nissan.patrol_2021,48.419553,13.064949035644531,1.640014410018921,13.449875933891976,False,0.001640014410018921,0.013449875933891976,870.0,500,135.02288818359375,7.897993087768555,0.9514999985694885,121.9485092163086,8.333170890808105,0.025249328464269638,-0.14840634167194366,-89.99999237060547,1.3340256899141423e-08,-0.001434339676052332,0.9119657278060913,0.010466030798852444
218,1.8600000143051147,219,walker.pedestrian.0004,vehicle.nissan.patrol_2021,48.419528,12.849395751953125,1.640014410018921,13.449868990051378,False,0.001640014410018921,0.013449868990051378,850.0,500,135.02288818359375,7.871752738952637,0.9514999985694885,122.16366577148438,8.336615562438965,0.02510959655046463,-0.14840634167194366,-89.99999237060547,1.3340256899141423e-08,-0.001495811389759183,0.9097859263420105,0.009454866871237755
219,1.8600000143051147,220,walker.pedestrian.0004,vehicle.nissan.patrol_2021,48.419549,12.63385009765625,1.640014410018921,13.449874621662028,False,0.001640014410018921,0.013449874621662028,840.0,500,135.02288818359375,7.845512390136719,0.9514999985694885,122.37882232666016,8.340060234069824,0.024970168247818947,-0.14840634167194366,-89.99999237060547,1.3340256899141423e-08,-0.0015299622900784016,0.9076367020606995,0.008550873026251793
220,1.8600000143051147,221,walker.pedestrian.0004,vehicle.nissan.patrol_2021,48.41955,12.418289184570312,1.640014410018921,13.449875053500975,False,0.001640014410018921,0.013449875053500975,820.0,500,135.02288818359375,7.819272518157959,0.9514999985694885,122.59397888183594,8.34349250793457,0.024831732735037804,-0.14840634167194366,-89.99999237060547,1.3340256899141423e-08,-0.001557283103466034,0.9056755900382996,0.007686987519264221
221,1.8600000143051147,222,walker.pedestrian.0004,vehicle.nissan.patrol_2021,48.41955,12.202735900878906,1.640014410018921,13.449875089037016,False,0.001640014410018921,0.013449875089037016,810.0,500,135.02288818359375,7.793032169342041,0.9514999985694885,122.80913543701172,8.34691333770752,0.024694060906767845,-0.14840634167194366,-89.99999237060547,1.3340256899141423e-08,-0.0015914340037852526,0.9039052724838257,0.0068619223311543465
222,1.8600000143051147,223,walker.pedestrian.0004,vehicle.nissan.patrol_2021,48.419556,11.987174987792969,1.640014410018921,13.449876726153144,False,0.001640014410018921,0.013449876726153144,790.0,500,135.02288818359375,7.766791820526123,0.9514999985694885,123.0242919921875,8.35033130645752,0.024557074531912804,-0.14840634167194366,-89.99999237060547,1.3340256899141423e-08,-0.0016187547007575631,0.9023241996765137,0.006075255572795868
223,1.8600000143051147,224,walker.pedestrian.0004,vehicle.nissan.patrol_2021,48.419554,11.771636962890625,1.640014410018921,13.449876089589404,False,0.001640014410018921,0.013449876089589405,780.0,500,135.02288818359375,7.740551471710205,0.9514999985694885,123.23944854736328,8.353738784790039,0.02442069910466671,-0.14840634167194366,-89.99999237060547,1.3340256899141423e-08,-0.0016187547007575631,0.9009275436401367,0.005327074322849512
224,1.8600000143051147,225,walker.pedestrian.0004,vehicle.nissan.patrol_2021,48.419554,11.556083679199219,1.640014410018921,13.449876114089458,False,0.001640014410018921,0.013449876114089458,770.0,500,135.02288818359375,7.714311122894287,0.9514999985694885,123.45460510253906,8.357136726379395,0.024285582825541496,-0.14840634167194366,-89.99999237060547,1.3340256899141423e-08,-0.0016529057174921036,0.8997074961662292,0.004617779050022364
225,1.8600000143051147,226,walker.pedestrian.0004,vehicle.nissan.patrol_2021,48.419553,11.340545654296875,1.640014410018921,13.449875797089728,False,0.001640014410018921,0.013449875797089728,750.0,500,135.02288818359375,7.688071250915527,0.9514999985694885,123.66976165771484,8.360530853271484,0.02415080927312374,-0.14840634167194366,-89.99999237060547,1.3340256899141423e-08,-0.0016802264144644141,0.8986592292785645,0.003947480581700802
226,1.8600000143051147,227,walker.pedestrian.0004,vehicle.nissan.patrol_2021,48.419557,11.124984741210938,1.640014410018921,13.449876975043907,False,0.001640014410018921,0.013449876975043906,740.0,500,135.02288818359375,7.661830902099609,0.9514999985694885,123.88491821289062,8.363923072814941,0.024016989395022392,-0.14840634167194366,-89.99999237060547,1.3340256899141423e-08,-0.0016802264144644141,0.8977723717689514,0.003316475311294198
227,1.8600000143051147,228,walker.pedestrian.0004,vehicle.nissan.patrol_2021,48.419535,10.909439086914062,1.640014410018921,13.449870944874254,False,0.001640014410018921,0.013449870944874254,720.0,500,135.02288818359375,7.635590553283691,0.9514999985694885,124.10006713867188,8.367301940917969,0.023883743211627007,-0.14840634167194366,-89.99999237060547,1.3340256899141423e-08,-0.0016802264144644141,0.8968467116355896,0.0028044984210282564
228,1.8600000143051147,229,walker.pedestrian.0004,vehicle.nissan.patrol_2021,48.41955,10.693901062011719,1.640014410018921,13.449875026994366,False,0.001640014410018921,0.013449875026994367,710.0,500,135.02288818359375,7.609350204467773,0.9514999985694885,124.31522369384766,8.370682716369629,0.023751411586999893,-0.14840634167194366,-89.99999237060547,1.3340256899141423e-08,-0.0017075472278520465,0.8958644270896912,0.0024046115577220917
229,1.8600000143051147,230,walker.pedestrian.0004,vehicle.nissan.patrol_2021,48.419552,10.478347778320312,1.640014410018921,13.449875625639741,False,0.001640014410018921,0.013449875625639741,690.0,500,135.02288818359375,7.583110332489014,0.9514999985694885,124.53038024902344,8.374055862426758,0.023620033636689186,-0.14840634167194366,-89.99999237060547,1.3340256899141423e-08,-0.0017075472278520465,0.8949523568153381,0.0020561665296554565
230,1.8600000143051147,231,walker.pedestrian.0004,vehicle.nissan.patrol_2021,48.419548,10.262786865234375,1.640014410018921,13.449874474322776,False,0.001640014410018921,0.013449874474322776,680.0,500,135.02288818359375,7.556869983673096,0.9514999985694885,124.74553680419922,8.377425193786621,0.02348918840289116,-0.14840634167194366,-89.99999237060547,1.3340256899141423e-08,-0.0017075472278520465,0.8941148519515991,0.0017509154276922345
231,1.8600000143051147,232,walker.pedestrian.0004,vehicle.nissan.patrol_2021,48.419548,10.047225952148438,1.640014410018921,13.449874491988925,False,0.001640014410018921,0.013449874491988926,670.0,500,135.02288818359375,7.530629634857178,0.9514999985694885,124.960693359375,8.380793571472168,0.023359375074505806,-0.14840634167194366,-89.99999237060547,1.3340256899141423e-08,-0.0017075472278520465,0.8933519721031189,0.0014821537770330906
232,1.8600000143051147,233,walker.pedestrian.0004,vehicle.nissan.patrol_2021,48.419552,9.831687927246094,1.640014410018921,13.449875691264841,False,0.001640014410018921,0.01344987569126484,650.0,500,135.02288818359375,7.50438928604126,0.9514999985694885,125.17584991455078,8.384160995483398,0.02323043718934059,-0.14840634167194366,-89.99999237060547,1.3340256899141423e-08,-0.0017075472278520465,0.8926640152931213,0.0012446262408047915
233,1.8600000143051147,234,walker.pedestrian.0004,vehicle.nissan.patrol_2021,48.419551,9.616134643554688,1.640014410018921,13.449875216396697,False,0.001640014410018921,0.013449875216396696,640.0,500,135.02288818359375,7.4781494140625,0.9514999985694885,125.39100646972656,8.387516975402832,0.02310188300907612,-0.14840634167194366,-89.99999237060547,1.3340256899141423e-08,-0.0017075472278520465,0.8920499682426453,0.0010338410502299666
234,1.8600000143051147,235,walker.pedestrian.0004,vehicle.nissan.patrol_2021,48.419554,9.400581359863281,1.640014410018921,13.449876017763795,False,0.001640014410018921,0.013449876017763795,620.0,500,135.02288818359375,7.451909065246582,0.9514999985694885,125.60616302490234,8.390872955322266,0.022974509745836258,-0.14840634167194366,-89.99999237060547,1.3340256899141423e-08,-0.0016802264144644141,0.8915070295333862,0.0008456983487121761
235,1.8600000143051147,236,walker.pedestrian.0004,vehicle.nissan.patrol_2021,48.41955,9.185043334960938,1.640014410018921,13.449875070489675,False,0.001640014410018921,0.013449875070489675,610.0,500,135.02288818359375,7.425668716430664,0.9514999985694885,125.8213119506836,8.394227981567383,0.022847937420010567,-0.14840634167194366,-89.99999237060547,1.3340256899141423e-08,-0.0016802264144644141,0.8910340666770935,0.0006765563157387078
236,1.8600000143051147,237,walker.pedestrian.0004,vehicle.nissan.patrol_2021,48.419538,8.969490051269531,1.640014410018921,13.449871625675488,False,0.001640014410018921,0.013449871625675488,590.0,500,135.02288818359375,7.399428367614746,0.9514999985694885,126.03646850585938,8.397574424743652,0.022721976041793823,-0.14840634167194366,-89.99999237060547,1.3340256899141423e-08,-0.0016802264144644141,0.8904743790626526,0.0005875916103832424
237,1.8600000143051147,238,walker.pedestrian.0004,vehicle.nissan.patrol_2021,48.419545,8.753936767578125,1.640014410018921,13.449873569204295,False,0.001640014410018921,0.013449873569204294,580.0,500,135.02288818359375,7.373188495635986,0.9514999985694885,126.25162506103516,8.400919914245605,0.02259700745344162,-0.14840634167194366,-89.99999237060547,1.3340256899141423e-08,-0.0016802264144644141,0.8898183703422546,0.0005708409007638693
238,1.8600000143051147,239,walker.pedestrian.0004,vehicle.nissan.patrol_2021,48.419548,8.538398742675781,1.640014410018921,13.449874310391614,False,0.001640014410018921,0.013449874310391614,570.0,500,135.02288818359375,7.346948146820068,0.9514999985694885,126.46678161621094,8.404265403747559,0.02247295342385769,-0.14840634167194366,-89.99999237060547,1.3340256899141423e-08,-0.0016802264144644141,0.8891735076904297,0.0005753699224442244
239,1.8600000143051147,240,walker.pedestrian.0004,vehicle.nissan.patrol_2021,48.419546,8.322845458984375,1.640014410018921,13.449874017833451,False,0.001640014410018921,0.013449874017833452,550.0,500,135.02288818359375,7.32070779800415,0.9514999985694885,126.68193817138672,8.407609939575195,0.02234928123652935,-0.14840634167194366,-89.99999237060547,1.3340256899141423e-08,-0.0016529057174921036,0.8885484933853149,0.00059331493685022
240,1.8600000143051147,241,walker.pedestrian.0004,vehicle.nissan.patrol_2021,48.419549,8.107284545898438,1.640014410018921,13.44987473205406,False,0.001640014410018921,0.01344987473205406,540.0,500,135.02288818359375,7.294467449188232,0.9514999985694885,126.8970947265625,8.410954475402832,0.022226829081773758,-0.14840634167194366,-89.99999237060547,1.3340256899141423e-08,-0.0016529057174921036,0.8879472613334656,0.0006188986590132117
241,1.8600000143051147,242,walker.pedestrian.0004,vehicle.nissan.patrol_2021,48.419545,7.891746520996094,1.640014410018921,13.449873610862326,False,0.001640014410018921,0.013449873610862327,520.0,500,135.02288818359375,7.268227577209473,0.9514999985694885,127.11225128173828,8.414290428161621,0.02210514061152935,-0.14840634167194366,-89.99999237060547,1.3340256899141423e-08,-0.0016529057174921036,0.8873741030693054,0.0006472858949564397
242,1.8600000143051147,243,walker.pedestrian.0004,vehicle.nissan.patrol_2021,48.419541,7.6761932373046875,1.640014410018921,13.449872631522558,False,0.001640014410018921,0.013449872631522558,510.0,500,135.02288818359375,7.241987228393555,0.9514999985694885,127.32740783691406,8.417624473571777,0.021983832120895386,-0.14840634167194366,-89.99999237060547,1.3340256899141423e-08,-0.0016187547007575631,0.8868336081504822,0.0006744358106516302
243,1.8600000143051147,244,walker.pedestrian.0004,vehicle.nissan.patrol_2021,48.419545,7.46063232421875,1.640014410018921,13.449873626047847,False,0.001640014410018921,0.013449873626047847,490.0,500,135.02288818359375,7.215746879577637,0.9514999985694885,127.54256439208984,8.420958518981934,0.02186378464102745,-0.14840634167194366,-89.99999237060547,1.3340256899141423e-08,-0.0016187547007575631,0.8863278031349182,0.000697035517077893
244,1.8600000143051147,245,walker.pedestrian.0004,vehicle.nissan.patrol_2021,48.001164,7.246978759765625,1.640014410018921,13.333656607354806,False,0.001640014410018921,0.013333656607354806,480.0,500,135.02288818359375,7.189506530761719,0.9514999985694885,127.75584411621094,8.424262046813965,0.02174385078251362,-0.14840634167194366,-89.99999237060547,1.3340256899141423e-08,-0.0015299622900784016,0.885859489440918,0.0007131791790015996
245,1.8600000143051147,246,walker.pedestrian.0004,vehicle.nissan.patrol_2021,47.575812,7.035163879394531,1.640014410018921,13.215503394546309,False,0.001640014410018921,0.013215503394546309,470.0,500,135.02288818359375,7.163266658782959,0.9514999985694885,127.9672622680664,8.42753791809082,0.021624373272061348,-0.14840634167194366,-89.99999237060547,1.3340256899141423e-08,-0.001372867962345481,0.885426938533783,0.0007227250607684255
246,1.8600000143051147,247,walker.pedestrian.0004,vehicle.nissan.patrol_2021,47.150379,6.82525634765625,1.640014410018921,13.097327425299682,False,0.001640014410018921,0.013097327425299682,460.0,500,135.02288818359375,7.137026309967041,0.9514999985694885,128.17678833007812,8.43078327178955,0.021505393087863922,-0.14840634167194366,-89.99999237060547,1.3340256899141423e-08,-0.0010996604105457664,0.8850261569023132,0.0007266765460371971
247,1.8600000143051147,248,walker.pedestrian.0004,vehicle.nissan.patrol_2021,46.72488,6.617218017578125,1.640014410018921,12.979133462186464,False,0.001640014410018921,0.012979133462186465,450.0,500,135.02288818359375,7.110785961151123,0.9514999985694885,128.3844451904297,8.433989524841309,0.02138778567314148,-0.14840634167194366,-89.99999237060547,1.3340256899141423e-08,-0.0007923019002191722,0.8846536874771118,0.0007259196718223393
248,1.8600000143051147,249,walker.pedestrian.0004,vehicle.nissan.patrol_2021,46.29942,6.4110107421875,1.640014410018921,12.860950102530296,False,0.001640014410018921,0.012860950102530296,440.0,500,135.02288818359375,7.084545612335205,0.9514999985694885,128.59024047851562,8.437166213989258,0.021271629258990288,-0.14840634167194366,-89.99999237060547,1.3340256899141423e-08,-0.00045762263471260667,0.8843061327934265,0.0007212627679109573
249,1.8600000143051147,250,walker.pedestrian.0004,vehicle.nissan.patrol_2021,45.87393,6.2067108154296875,1.640014410018921,12.74275827390266,False,0.001640014410018921,0.01274275827390266,430.0,500,135.02288818359375,7.058305740356445,0.9514999985694885,128.7941436767578,8.440313339233398,0.0211570356041193,-0.14840634167194366,-89.99999237060547,1.3340256899141423e-08,-3.415094397496432e-05,0.8839814066886902,0.0007134945481084287
250,1.8600000143051147,251,walker.pedestrian.0004,vehicle.nissan.patrol_2021,45.448484,6.0042877197265625,1.640014410018921,12.624578920676472,False,0.001640014410018921,0.012624578920676472,420.0,500,135.02288818359375,7.032065391540527,0.9514999985694885,128.99618530273438,8.44343090057373,0.021044349297881126,-0.14840634167194366,-89.99999237060547,1.3340256899141423e-08,0.0003824905725196004,0.8836761116981506,0.0007033224101178348
251,1.8600000143051147,252,walker.pedestrian.0004,vehicle.nissan.patrol_2021,45.022977,5.8037567138671875,1.640014410018921,12.506382500335254,False,0.001640014410018921,0.012506382500335254,410.0,500,135.02288818359375,7.005825042724609,0.9514999985694885,129.19631958007812,8.44651985168457,0.0209336094558239,-0.14840634167194366,-89.99999237060547,1.3340256899141423e-08,0.0008196226553991437,0.8833891749382019,0.0006912869866937399
252,1.8600000143051147,253,walker.pedestrian.0004,vehicle.nissan.patrol_2021,44.597553,5.6052398681640625,1.640014410018921,12.388209042094402,False,0.001640014410018921,0.012388209042094402,400.0,500,135.02288818359375,6.979584693908691,0.9514999985694885,129.39443969726562,8.449578285217285,0.02082446962594986,-0.14840634167194366,-89.99999237060547,1.3340256899141423e-08,0.0012772453483194113,0.883118212223053,0.0006779087707400322
253,1.8600000143051147,254,walker.pedestrian.0004,vehicle.nissan.patrol_2021,44.172036,5.408599853515625,1.640014410018921,12.270009911688339,False,0.001640014410018921,0.01227000991168834,390.0,500,135.02288818359375,6.953344345092773,0.9514999985694885,129.5906982421875,8.452608108520508,0.020717773586511612,-0.14840634167194366,-89.99999237060547,1.3340256899141423e-08,0.001728037721477449,0.8828608393669128,0.0006637128535658121
254,1.8600000143051147,255,walker.pedestrian.0004,vehicle.nissan.patrol_2021,43.746595,5.2138214111328125,1.640014410018921,12.151831822804715,False,0.001640014410018921,0.012151831822804715,380.0,500,135.02288818359375,6.927104473114014,0.9514999985694885,129.7850799560547,8.455608367919922,0.0206131748855114,-0.14840634167194366,-89.99999237060547,1.3340256899141423e-08,0.0021856604143977165,0.882616400718689,0.0006491376552730799
255,1.8600000143051147,256,walker.pedestrian.0004,vehicle.nissan.patrol_2021,43.321088,5.020904541015625,1.640014410018921,12.03363568063494,False,0.001640014410018921,0.01203363568063494,370.0,500,135.02288818359375,6.900864124298096,0.9514999985694885,129.9775848388672,8.458579063415527,0.020510634407401085,-0.14840634167194366,-89.99999237060547,1.3340256899141423e-08,0.002636452903971076,0.882383406162262,0.0006345346919260919
256,1.8600000143051147,257,walker.pedestrian.0004,vehicle.nissan.patrol_2021,42.895668,4.82989501953125,1.640014410018921,11.915463430651151,False,0.001640014410018921,0.011915463430651151,360.0,500,135.02288818359375,6.874623775482178,0.9514999985694885,130.168212890625,8.46152114868164,0.020410193130373955,-0.14840634167194366,-89.99999237060547,1.3340256899141423e-08,0.0030667546670883894,0.8821600079536438,0.0006199841154739261
257,1.8600000143051147,258,walker.pedestrian.0004,vehicle.nissan.patrol_2021,42.470149,4.6407623291015625,1.640014410018921,11.797263580522902,False,0.001640014410018921,0.011797263580522901,350.0,500,135.02288818359375,6.84838342666626,0.9514999985694885,130.35696411132812,8.464432716369629,0.020311851054430008,-0.14840634167194366,-89.99999237060547,1.3340256899141423e-08,0.003476566169410944,0.881945788860321,0.000605929468292743
258,1.8600000143051147,259,walker.pedestrian.0004,vehicle.nissan.patrol_2021,42.044709,4.4534759521484375,1.640014410018921,11.679085713832086,False,0.001640014410018921,0.011679085713832086,330.0,500,135.02288818359375,6.8221435546875,0.9514999985694885,130.54383850097656,8.467310905456543,0.020215492695569992,-0.14840634167194366,-89.99999237060547,1.3340256899141423e-08,0.0038727170322090387,0.8817396759986877,0.0005924464203417301
259,1.8600000143051147,260,walker.pedestrian.0004,vehicle.nissan.patrol_2021,41.619203,4.26806640625,1.640014410018921,11.56088977139655,False,0.001640014410018921,0.01156088977139655,320.0,500,135.02288818359375,6.795903205871582,0.9514999985694885,130.72885131835938,8.47015380859375,0.02012058161199093,-0.14840634167194366,-89.99999237060547,1.3340256899141423e-08,0.0042347172275185585,0.8815410733222961,0.0005795797915197909
260,1.8600000143051147,261,walker.pedestrian.0004,vehicle.nissan.patrol_2021,41.193698,4.1368408203125,1.640014410018921,11.442693877960574,False,0.001640014410018921,0.011442693877960574,320.0,500,135.02288818359375,6.769662857055664,0.9514999985694885,130.91197204589844,8.472968101501465,0.020027732476592064,-0.14840634167194366,-89.99999237060547,1.3340256899141423e-08,0.004583056550472975,0.8813483715057373,0.0005674756248481572
261,1.8600000143051147,262,walker.pedestrian.0004,vehicle.nissan.patrol_2021,40.768268,3.955230712890625,1.640014410018921,11.324518992862213,False,0.001640014410018921,0.011324518992862213,310.0,500,135.02288818359375,6.743422508239746,0.9514999985694885,131.0931854248047,8.475753784179688,0.019936522468924522,-0.14840634167194366,-89.99999237060547,1.3340256899141423e-08,0.004897245205938816,0.8811618685722351,0.0005563270533457398
262,1.8600000143051147,263,walker.pedestrian.0004,vehicle.nissan.patrol_2021,40.342753,3.775604248046875,1.640014410018921,11.206320314014436,False,0.001640014410018921,0.011206320314014435,290.0,500,135.02288818359375,6.717182636260986,0.9514999985694885,131.2724151611328,8.478508949279785,0.019846992567181587,-0.14840634167194366,-89.99999237060547,1.3340256899141423e-08,0.005184113513678312,0.8809801936149597,0.0005460408283397555
263,1.8600000143051147,264,walker.pedestrian.0004,vehicle.nissan.patrol_2021,39.917314,3.5978851318359375,1.640014410018921,11.088142640443008,False,0.001640014410018921,0.011088142640443008,280.0,500,135.02288818359375,6.690942287445068,0.9514999985694885,131.4497528076172,8.48123550415039,0.019758833572268486,-0.14840634167194366,-89.99999237060547,1.3340256899141423e-08,0.005443660542368889,0.8808034658432007,0.0005366813275031745
264,1.8600000143051147,265,walker.pedestrian.0004,vehicle.nissan.patrol_2021,39.491812,3.4220123291015625,1.640014410018921,10.969947841115113,False,0.001640014410018921,0.010969947841115112,270.0,500,135.02288818359375,6.66470193862915,0.9514999985694885,131.62522888183594,8.483931541442871,0.01967208832502365,-0.14840634167194366,-89.99999237060547,1.3340256899141423e-08,0.005675886757671833,0.8806312084197998,0.0005282299825921655
265,1.8600000143051147,266,walker.pedestrian.0004,vehicle.nissan.patrol_2021,39.06638,3.248016357421875,1.640014410018921,10.851772139205746,False,0.001640014410018921,0.010851772139205747,260.0,500,135.02288818359375,6.638461589813232,0.9514999985694885,131.798828125,8.486599922180176,0.019586600363254547,-0.14840634167194366,-89.99999237060547,1.3340256899141423e-08,0.005873962305486202,0.8804627060890198,0.0005205958732403815
266,1.8600000143051147,267,walker.pedestrian.0004,vehicle.nissan.patrol_2021,38.640875,3.0759124755859375,1.640014410018921,10.73357644055513,False,0.001640014410018921,0.010733576440555129,250.0,500,135.02288818359375,6.612221717834473,0.9514999985694885,131.97055053710938,8.489237785339355,0.019502218812704086,-0.14840634167194366,-89.99999237060547,1.3340256899141423e-08,0.006051547359675169,0.8802977800369263,0.0005138205015100539
267,1.8600000143051147,268,walker.pedestrian.0004,vehicle.nissan.patrol_2021,38.215367,2.9056854248046875,1.640014410018921,10.615379817846692,False,0.001640014410018921,0.010615379817846693,240.0,500,135.02288818359375,6.585981369018555,0.9514999985694885,132.140380859375,8.491846084594727,0.019418906420469284,-0.14840634167194366,-89.99999237060547,1.3340256899141423e-08,0.006201811600476503,0.8801364898681641,0.0005078855901956558
268,1.8600000143051147,269,walker.pedestrian.0004,vehicle.nissan.patrol_2021,37.789928,2.7373199462890625,1.640014410018921,10.497202290828719,False,0.001640014410018921,0.01049720229082872,230.0,500,135.02288818359375,6.559741020202637,0.9514999985694885,132.308349609375,8.494425773620605,0.019336318597197533,-0.14840634167194366,-89.99999237060547,1.3340256899141423e-08,0.006331584881991148,0.8799779415130615,0.0005026631406508386
269,1.8600000143051147,270,walker.pedestrian.0004,vehicle.nissan.patrol_2021,37.364421,2.570831298828125,1.640014410018921,10.379005715009578,False,0.001640014410018921,0.010379005715009578,210.0,500,135.02288818359375,6.533500671386719,0.9514999985694885,132.47445678710938,8.496975898742676,0.01925479806959629,-0.14840634167194366,-89.99999237060547,1.3340256899141423e-08,0.0064340378157794476,0.8798226714134216,0.0004981456440873444
270,1.8600000143051147,271,walker.pedestrian.0004,vehicle.nissan.patrol_2021,36.938982,2.4062042236328125,1.640014410018921,10.260828232759588,False,0.001640014410018921,0.010260828232759587,200.0,500,135.02288818359375,6.507260799407959,0.9514999985694885,132.638671875,8.499496459960938,0.019174080342054367,-0.14840634167194366,-89.99999237060547,1.3340256899141423e-08,0.006516000255942345,0.879669725894928,0.000494287523906678
271,1.8600000143051147,272,walker.pedestrian.0004,vehicle.nissan.patrol_2021,36.513481,2.2435302734375,1.640014410018921,10.14263361291388,True,0.001640014410018921,0.01014263361291388,190.0,500,135.02288818359375,6.481020450592041,0.9514999985694885,132.8009490966797,8.501988410949707,0.019094008952379227,-0.14840634167194366,-89.99999237060547,1.3340256899141423e-08,0.006584302056580782,0.8795192837715149,0.0004910152638331056
272,1.8600000143051147,273,walker.pedestrian.0004,vehicle.nissan.patrol_2021,36.088008,2.08282470703125,1.640014410018921,10.024446638773973,True,0.001640014410018921,0.010024446638773974,180.0,500,135.02288818359375,6.454780101776123,0.9514999985694885,132.9612579345703,8.504450798034668,0.019014663994312286,-0.14840634167194366,-89.99999237060547,1.3340256899141423e-08,0.006625283043831587,0.879371166229248,0.00048827112186700106
273,1.8600000143051147,274,walker.pedestrian.0004,vehicle.nissan.patrol_2021,35.662531,1.92401123046875,1.640014410018921,9.90625872893949,True,0.001640014410018921,0.00990625872893949,170.0,500,135.02288818359375,6.428539752960205,0.9514999985694885,133.11968994140625,8.50688362121582,0.018935775384306908,-0.14840634167194366,-89.99999237060547,1.3340256899141423e-08,0.006659434176981449,0.8792251944541931,0.00048596737906336784
274,1.8600000143051147,275,walker.pedestrian.0004,vehicle.nissan.patrol_2021,35.237065,1.7670440673828125,1.640014410018921,9.788073699468237,True,0.001640014410018921,0.009788073699468236,150.0,500,135.02288818359375,6.402299880981445,0.9514999985694885,133.27626037597656,8.509286880493164,0.018857460469007492,-0.14840634167194366,-89.99999237060547,1.3340256899141423e-08,0.006673094350844622,0.8790817260742188,0.00048406998394057155
275,1.8600000143051147,276,walker.pedestrian.0004,vehicle.nissan.patrol_2021,34.811555,1.6119842529296875,1.640014410018921,9.66987629259772,True,0.001640014410018921,0.009669876292597721,140.0,500,135.02288818359375,6.376059532165527,0.9514999985694885,133.43093872070312,8.511661529541016,0.0187794491648674,-0.14840634167194366,-89.99999237060547,1.3340256899141423e-08,0.006673094350844622,0.8789399266242981,0.0004825162759516388
276,1.8600000143051147,277,walker.pedestrian.0004,vehicle.nissan.patrol_2021,34.386089,1.458770751953125,1.640014410018921,9.551691299279986,True,0.001640014410018921,0.009551691299279986,130.0,500,135.02288818359375,6.349819183349609,0.9514999985694885,133.58375549316406,8.514005661010742,0.018701858818531036,-0.14840634167194366,-89.99999237060547,1.3340256899141423e-08,0.006666264496743679,0.8788005709648132,0.000481245806440711
277,1.8600000143051147,278,walker.pedestrian.0004,vehicle.nissan.patrol_2021,33.960616,1.30743408203125,1.640014410018921,9.43350441494899,True,0.001640014410018921,0.00943350441494899,120.0,500,135.02288818359375,6.323578834533691,0.9514999985694885,133.7346954345703,8.516321182250977,0.018624724820256233,-0.14840634167194366,-89.99999237060547,1.3340256899141423e-08,0.006652603857219219,0.8786627054214478,0.00048028427409008145
278,1.8600000143051147,279,walker.pedestrian.0004,vehicle.nissan.patrol_2021,33.535112,1.1579742431640625,1.640014410018921,9.315308961884408,True,0.001640014410018921,0.009315308961884409,110.0,500,135.02288818359375,6.297338962554932,0.9514999985694885,133.88375854492188,8.518607139587402,0.018547706305980682,-0.14840634167194366,-89.99999237060547,1.3340256899141423e-08,0.006625283043831587,0.8785264492034912,0.00047950446605682373
279,1.8600000143051147,280,walker.pedestrian.0004,vehicle.nissan.patrol_2021,33.109633,1.010406494140625,1.640014410018921,9.197120203445303,True,0.001640014410018921,0.009197120203445304,90.0,500,135.02288818359375,6.271098613739014,0.9514999985694885,134.03094482421875,8.520864486694336,0.01847110688686371,-0.14840634167194366,-89.99999237060547,1.3340256899141423e-08,0.006591132376343012,0.8783926963806152,0.00047895454918034375
280,1.8600000143051147,281,walker.pedestrian.0004,vehicle.nissan.patrol_2021,32.684164,0.8647003173828125,1.640014410018921,9.078934318117994,True,0.001640014410018921,0.009078934318117994,80.0,500,135.02288818359375,6.244858264923096,0.9514999985694885,134.17625427246094,8.523092269897461,0.01839473657310009,-0.14840634167194366,-89.99999237060547,1.3340256899141423e-08,0.00655698124319315,0.8782601952552795,0.00047865507076494396
281,1.8600000143051147,282,walker.pedestrian.0004,vehicle.nissan.patrol_2021,32.258694,0.7209930419921875,1.640014410018921,8.960748444824576,True,0.001640014410018921,0.008960748444824576,70.0,500,135.02288818359375,6.218617916107178,0.9514999985694885,134.31956481933594,8.525290489196777,0.018318558111786842,-0.14840634167194366,-89.99999237060547,1.3340256899141423e-08,0.006522830110043287,0.8781296014785767,0.00047827023081481457
282,1.8600000143051147,283,walker.pedestrian.0004,vehicle.nissan.patrol_2021,31.833188,0.5792236328125,1.640014410018921,8.84255209989095,True,0.001640014410018921,0.00884255209989095,60.0,500,135.02288818359375,6.19237756729126,0.9514999985694885,134.46095275878906,8.527459144592285,0.018242264166474342,-0.14840634167194366,-89.99999237060547,1.3340256899141423e-08,0.006481849122792482,0.878000795841217,0.0004780847521033138
283,1.8600000143051147,284,walker.pedestrian.0004,vehicle.nissan.patrol_2021,31.407712,0.439300537109375,1.640014410018921,8.724364348077078,True,0.001640014410018921,0.008724364348077078,40.0,500,135.02288818359375,6.1661376953125,0.9514999985694885,134.60047912597656,8.5295991897583,0.018166426569223404,-0.14840634167194366,-89.99999237060547,1.3340256899141423e-08,0.0064340378157794476,0.8778734803199768,0.0004780110903084278
284,1.8600000143051147,285,walker.pedestrian.0004,vehicle.nissan.patrol_2021,30.982243,0.301239013671875,1.640014410018921,8.606178520408617,True,0.001640014410018921,0.008606178520408618,30.0,500,135.02288818359375,6.139897346496582,0.9514999985694885,134.73814392089844,8.531709671020508,0.018090782687067986,-0.14840634167194366,-89.99999237060547,1.3340256899141423e-08,0.006393056828528643,0.8777483701705933,0.0004778785223606974
285,1.8600000143051147,286,walker.pedestrian.0004,vehicle.nissan.patrol_2021,30.556736,0.1650848388671875,1.640014410018921,8.487982213596158,True,0.001640014410018921,0.008487982213596158,20.0,500,135.02288818359375,6.113656997680664,0.9514999985694885,134.87391662597656,8.533790588378906,0.018015366047620773,-0.14840634167194366,-89.99999237060547,1.3340256899141423e-08,0.0063520753756165504,0.8776240944862366,0.00047776236897334456
286,1.8600000143051147,287,walker.pedestrian.0004,vehicle.nissan.patrol_2021,30.131264,0.0307769775390625,1.640014410018921,8.369795453794497,True,0.001640014410018921,0.008369795453794498,0.0,500,135.02288818359375,6.087416648864746,0.9514999985694885,135.00782775878906,8.535842895507812,0.017940063029527664,-0.14840634167194366,-89.99999237060547,1.3340256899141423e-08,0.0063110943883657455,0.877501904964447,0.0004777210997417569
287,1.8600000143051147,288,walker.pedestrian.0004,vehicle.nissan.patrol_2021,29.705795,-0.1016693115234375,1.640014410018921,8.251609662711953,True,0.001640014410018921,0.008251609662711953,-10.0,500,135.02288818359375,6.061176776885986,0.9514999985694885,135.13986206054688,8.537864685058594,0.017865104600787163,-0.14840634167194366,-89.99999237060547,1.3340256899141423e-08,0.006270113401114941,0.8773809671401978,0.0004776224959641695
288,1.8600000143051147,289,walker.pedestrian.0004,vehicle.nissan.patrol_2021,29.280288,-0.232208251953125,1.640014410018921,8.133413393390718,True,0.001640014410018921,0.008133413393390718,-20.0,500,135.02288818359375,6.034936428070068,0.9514999985694885,135.27001953125,8.539857864379883,0.01779014617204666,-0.14840634167194366,-89.99999237060547,1.3340256899141423e-08,0.006235962267965078,0.8772618770599365,0.0004775038978550583
289,1.8600000143051147,290,walker.pedestrian.0004,vehicle.nissan.patrol_2021,28.854813,-0.36090087890625,1.640014410018921,8.015225716468606,True,0.001640014410018921,0.008015225716468606,-40.0,500,135.02288818359375,6.00869607925415,0.9514999985694885,135.39830017089844,8.541821479797363,0.0177154541015625,-0.14840634167194366,-89.99999237060547,1.3340256899141423e-08,0.006201811600476503,0.8771441578865051,0.0004774006665684283
290,1.8600000143051147,291,walker.pedestrian.0004,vehicle.nissan.patrol_2021,28.429344,-0.487701416015625,1.640014410018921,7.897039960696794,True,0.001640014410018921,0.007897039960696793,-50.0,500,135.02288818359375,5.982455730438232,0.9514999985694885,135.5247039794922,8.543756484985352,0.01764095202088356,-0.14840634167194366,-89.99999237060547,1.3340256899141423e-08,0.006174490787088871,0.8770285844802856,0.00047725075273774564
291,1.8600000143051147,292,walker.pedestrian.0004,vehicle.nissan.patrol_2021,28.003839,-0.6124725341796875,1.640014410018921,7.778844204055533,True,0.001640014410018921,0.007778844204055533,-70.0,500,135.02288818359375,5.956215858459473,0.9514999985694885,135.64907836914062,8.545660972595215,0.017566604539752007,-0.14840634167194366,-89.99999237060547,1.3340256899141423e-08,0.006147169973701239,0.8769140839576721,0.0004770545056089759
292,1.8600000143051147,293,walker.pedestrian.0004,vehicle.nissan.patrol_2021,27.578367,-0.7353515625,1.640014410018921,7.66065751614689,True,0.001640014410018921,0.00766065751614689,-80.0,500,135.02288818359375,5.929975509643555,0.9514999985694885,135.77157592773438,8.547537803649902,0.01749248430132866,-0.14840634167194366,-89.99999237060547,1.3340256899141423e-08,0.006119849160313606,0.876801609992981,0.0004768958315253258
293,1.8600000143051147,294,walker.pedestrian.0004,vehicle.nissan.patrol_2021,27.152857,-0.8563690185546875,1.640014410018921,7.542460352997915,True,0.001640014410018921,0.007542460352997915,-90.0,500,135.02288818359375,5.903735160827637,0.9514999985694885,135.89219665527344,8.549384117126465,0.017418555915355682,-0.14840634167194366,-89.99999237060547,1.3340256899141423e-08,0.006099358666688204,0.876690149307251,0.00047658674884587526
294,1.8600000143051147,295,walker.pedestrian.0004,vehicle.nissan.patrol_2021,26.727387,-0.97552490234375,1.640014410018921,7.424274164893608,True,0.001640014410018921,0.007424274164893608,-110.0,500,135.02288818359375,5.877494812011719,0.9514999985694885,136.01095581054688,8.551201820373535,0.01734485663473606,-0.14840634167194366,-89.99999237060547,1.3340256899141423e-08,0.006085698027163744,0.8765806555747986,0.000476265064207837
295,1.8600000143051147,296,walker.pedestrian.0004,vehicle.nissan.patrol_2021,26.301881,-1.0927734375,1.640014410018921,7.306077976562,True,0.001640014410018921,0.007306077976562,-120.0,500,135.02288818359375,5.851254940032959,0.9514999985694885,136.12782287597656,8.55298900604248,0.01727134734392166,-0.14840634167194366,-89.99999237060547,1.3340256899141423e-08,0.0060720378533005714,0.8764727711677551,0.0004759153234772384
296,1.8600000143051147,297,walker.pedestrian.0004,vehicle.nissan.patrol_2021,25.876409,-1.2081756591796875,1.640014410018921,7.187891331610025,True,0.001640014410018921,0.007187891331610025,-140.0,500,135.02288818359375,5.825014591217041,0.9514999985694885,136.24282836914062,8.55474853515625,0.017198028042912483,-0.14840634167194366,-89.99999237060547,1.3340256899141423e-08,0.0060720378533005714,0.8764727711677551,0.0004759153234772384
297,1.8600000143051147,298,walker.pedestrian.0004,vehicle.nissan.patrol_2021,25.450946,-1.321685791015625,1.640014410018921,7.0697072499023985,True,0.001640014410018921,0.007069707249902399,-150.0,500,135.02288818359375,5.798774242401123,0.9514999985694885,136.35595703125,8.556477546691895,0.017124976962804794,-0.14840634167194366,-89.99999237060547,1.3340256899141423e-08,0.006051547359675169,0.876261830329895,0.0004752968670800328
298,1.8600000143051147,299,walker.pedestrian.0004,vehicle.nissan.patrol_2021,25.025432,-1.4333343505859375,1.640014410018921,6.951509027131315,True,0.001640014410018921,0.006951509027131314,-170.0,500,135.02288818359375,5.772533893585205,0.9514999985694885,136.4672088623047,8.55817699432373,0.01705188676714897,-0.14840634167194366,-89.99999237060547,1.3340256899141423e-08,0.006051547359675169,0.876261830329895,0.0004752968670800328
299,1.8600000143051147,300,walker.pedestrian.0004,vehicle.nissan.patrol_2021,24.599958,-1.5431060791015625,1.640014410018921,6.83332161858874,True,0.001640014410018921,0.00683332161858874,-180.0,500,135.02288818359375,5.746294021606445,0.9514999985694885,136.5765838623047,8.55984878540039,0.016979331150650978,-0.14840634167194366,-89.99999237060547,1.3340256899141423e-08,0.006051547359675169,0.8760577440261841,0.00047510399599559605
300,1.8600000143051147,301,walker.pedestrian.0004,vehicle.nissan.patrol_2021,24.174458,-1.6509857177734375,1.640014410018921,6.715127242699935,True,0.001640014410018921,0.006715127242699934,-200.0,500,135.02288818359375,5.720053672790527,0.9514999985694885,136.68406677246094,8.561490058898926,0.016907043755054474,-0.14840634167194366,-89.99999237060547,1.3340256899141423e-08,0.006051547359675169,0.8760577440261841,0.00047510399599559605
301,1.8600000143051147,302,walker.pedestrian.0004,vehicle.nissan.patrol_2021,23.748982,-1.7568359375,1.640014410018921,6.596939368215067,True,0.001640014410018921,0.006596939368215067,-210.0,500,135.02288818359375,5.693813323974609,0.9514999985694885,136.78953552246094,8.563101768493652,0.016834983602166176,-0.14840634167194366,-89.99999237060547,1.3340256899141423e-08,0.006058377679437399,0.8758597373962402,0.00047520766383968294
302,1.8600000143051147,303,walker.pedestrian.0004,vehicle.nissan.patrol_2021,23.323486,-1.8608245849609375,1.640014410018921,6.47874597951552,True,0.001640014410018921,0.00647874597951552,-230.0,500,135.02288818359375,5.667572975158691,0.9514999985694885,136.89312744140625,8.564684867858887,0.01676311530172825,-0.14840634167194366,-89.99999237060547,1.3340256899141423e-08,0.006058377679437399,0.8758597373962402,0.00047520766383968294
303,1.8600000143051147,304,walker.pedestrian.0004,vehicle.nissan.patrol_2021,22.898009,-1.96295166015625,1.640014410018921,6.360558117075522,True,0.001640014410018921,0.006360558117075522,-250.0,500,135.02288818359375,5.641333103179932,0.9514999985694885,136.99485778808594,8.566238403320312,0.01669158972799778,-0.14840634167194366,-89.99999237060547,1.3340256899141423e-08,0.006078868173062801,0.8756680488586426,0.0004751552187371999
304,1.8600000143051147,305,walker.pedestrian.0004,vehicle.nissan.patrol_2021,22.472496,-2.06317138671875,1.640014410018921,6.242359989763231,True,0.001640014410018921,0.006242359989763231,-260.0,500,135.02288818359375,5.615092754364014,0.9514999985694885,137.09469604492188,8.56776237487793,0.01662033051252365,-0.14840634167194366,-89.99999237060547,1.3340256899141423e-08,0.006078868173062801,0.8756680488586426,0.0004751552187371999
305,1.8600000143051147,306,walker.pedestrian.0004,vehicle.nissan.patrol_2021,22.047032,-2.161529541015625,1.640014410018921,6.124175479684963,True,0.001640014410018921,0.006124175479684963,-280.0,500,135.02288818359375,5.588852405548096,0.9514999985694885,137.19265747070312,8.569256782531738,0.016549300402402878,-0.14840634167194366,-89.99999237060547,1.3340256899141423e-08,0.006106188986450434,0.8754832744598389,0.00047469520359300077
306,1.8600000143051147,307,walker.pedestrian.0004,vehicle.nissan.patrol_2021,21.621522,-2.258026123046875,1.640014410018921,6.005978338591168,True,0.001640014410018921,0.0060059783385911685,-300.0,500,135.02288818359375,5.562612056732178,0.9514999985694885,137.28875732421875,8.570722579956055,0.016478614881634712,-0.14840634167194366,-89.99999237060547,1.3340256899141423e-08,0.006106188986450434,0.8754832744598389,0.00047469520359300077
307,1.8600000143051147,308,walker.pedestrian.0004,vehicle.nissan.patrol_2021,21.196042,-2.352630615234375,1.640014410018921,5.8877895513372795,True,0.001640014410018921,0.00588778955133728,-310.0,500,135.02288818359375,5.536372184753418,0.9514999985694885,137.3829803466797,8.572158813476562,0.016408156603574753,-0.14840634167194366,-89.99999237060547,1.3340256899141423e-08,0.006133509334176779,0.8753048777580261,0.00047391580301336944
308,1.8600000143051147,309,walker.pedestrian.0004,vehicle.nissan.patrol_2021,20.770547,-2.44537353515625,1.640014410018921,5.769596257332318,True,0.001640014410018921,0.005769596257332318,-330.0,500,135.02288818359375,5.5101318359375,0.9514999985694885,137.47532653808594,8.573566436767578,0.0163380429148674,-0.14840634167194366,-89.99999237060547,1.3340256899141423e-08,0.006133509334176779,0.8753048777580261,0.00047391580301336944
309,1.8600000143051147,310,walker.pedestrian.0004,vehicle.nissan.patrol_2021,20.345069,-2.536224365234375,1.640014410018921,5.6514079610700385,True,0.001640014410018921,0.0056514079610700384,-350.0,500,135.02288818359375,5.483891487121582,0.9514999985694885,137.56578063964844,8.574943542480469,0.01626811921596527,-0.14840634167194366,-89.99999237060547,1.3340256899141423e-08,0.006174490787088871,0.8751328587532043,0.0004728649219032377
310,1.8600000143051147,311,walker.pedestrian.0004,vehicle.nissan.patrol_2021,19.919573,-2.6251983642578125,1.640014410018921,5.533214696927028,True,0.001640014410018921,0.005533214696927028,-370.0,500,135.02288818359375,5.457651138305664,0.9514999985694885,137.6543731689453,8.576292037963867,0.016198424622416496,-0.14840634167194366,-89.99999237060547,1.3340256899141423e-08,0.006174490787088871,0.8751328587532043,0.0004728649219032377
311,1.8600000143051147,312,walker.pedestrian.0004,vehicle.nissan.patrol_2021,19.494059,-2.712158203125,1.640014410018921,5.415016402637329,True,0.001640014410018921,0.00541501640263733,-380.0,500,135.02288818359375,5.431410789489746,0.9514999985694885,137.74093627929688,8.577610969543457,0.016129111871123314,-0.14840634167194366,-89.99999237060547,1.3340256899141423e-08,0.006215471774339676,0.8749675154685974,0.00047120664385147393
312,1.8600000143051147,313,walker.pedestrian.0004,vehicle.nissan.patrol_2021,19.068581,-2.7972412109375,1.640014410018921,5.296827938475903,True,0.001640014410018921,0.0052968279384759025,-400.0,500,135.02288818359375,5.405170917510986,0.9514999985694885,137.82562255859375,8.578904151916504,0.016059989109635353,-0.14840634167194366,-89.99999237060547,1.3340256899141423e-08,0.006215471774339676,0.8749675154685974,0.00047120664385147393
313,1.8600000143051147,314,walker.pedestrian.0004,vehicle.nissan.patrol_2021,18.643084,-2.880462646484375,1.640014410018921,5.178634427693003,True,0.001640014410018921,0.005178634427693003,-420.0,500,135.02288818359375,5.378930568695068,0.9514999985694885,137.90843200683594,8.58017349243164,0.015991171821951866,-0.14840634167194366,-89.99999237060547,1.3340256899141423e-08,0.006249622907489538,0.8748089671134949,0.00046904024202376604
314,1.8600000143051147,315,walker.pedestrian.0004,vehicle.nissan.patrol_2021,18.217594,-2.9617767333984375,1.640014410018921,5.06044266080846,True,0.001640014410018921,0.005060442660808459,-440.0,500,135.02288818359375,5.35269021987915,0.9514999985694885,137.98936462402344,8.581414222717285,0.015922583639621735,-0.14840634167194366,-89.99999237060547,1.3340256899141423e-08,0.006249622907489538,0.8748089671134949,0.00046904024202376604
315,1.8600000143051147,316,walker.pedestrian.0004,vehicle.nissan.patrol_2021,17.792102,-3.0412445068359375,1.640014410018921,4.942250572207569,True,0.001640014410018921,0.004942250572207569,-460.0,500,135.02288818359375,5.326449871063232,0.9514999985694885,138.0684356689453,8.582626342773438,0.015853995457291603,-0.14840634167194366,-89.99999237060547,1.3340256899141423e-08,0.006297434214502573,0.8746567964553833,0.00046657436178065836
316,1.8600000143051147,317,walker.pedestrian.0004,vehicle.nissan.patrol_2021,17.366608,-3.1188201904296875,1.640014410018921,4.824057906035758,True,0.001640014410018921,0.004824057906035758,-480.0,500,135.02288818359375,5.300209999084473,0.9514999985694885,138.14561462402344,8.583807945251465,0.015785712748765945,-0.14840634167194366,-89.99999237060547,1.3340256899141423e-08,0.006297434214502573,0.8746567964553833,0.00046657436178065836
317,1.8600000143051147,318,walker.pedestrian.0004,vehicle.nissan.patrol_2021,16.941119,-3.19451904296875,1.640014410018921,4.705866336689743,True,0.001640014410018921,0.004705866336689743,-500.0,500,135.02288818359375,5.273969650268555,0.9514999985694885,138.22093200683594,8.5849609375,0.015717696398496628,-0.14840634167194366,-89.99999237060547,1.3340256899141423e-08,0.006331584881991148,0.8745108246803284,0.0004637179372366518
318,1.8600000143051147,319,walker.pedestrian.0004,vehicle.nissan.patrol_2021,16.515627,-3.2683563232421875,1.640014410018921,4.587674156939746,True,0.001640014410018921,0.004587674156939747,-520.0,500,135.02288818359375,5.247729301452637,0.9514999985694885,138.29437255859375,8.586085319519043,0.015650024637579918,-0.14840634167194366,-89.99999237060547,1.3340256899141423e-08,0.006331584881991148,0.8745108246803284,0.0004637179372366518
319,1.8600000143051147,320,walker.pedestrian.0004,vehicle.nissan.patrol_2021,16.090129,-3.3403167724609375,1.640014410018921,4.46948022288351,True,0.001640014410018921,0.00446948022288351,-550.0,500,135.02288818359375,5.221488952636719,0.9514999985694885,138.36593627929688,8.587179183959961,0.015582427382469177,-0.14840634167194366,-89.99999237060547,1.3340256899141423e-08,0.00637256633490324,0.8743718266487122,0.00046037856373004615
320,1.8600000143051147,321,walker.pedestrian.0004,vehicle.nissan.patrol_2021,15.664637,-3.410369873046875,1.640014410018921,4.3512880812446175,True,0.001640014410018921,0.004351288081244618,-570.0,500,135.02288818359375,5.195249080657959,0.9514999985694885,138.43560791015625,8.588244438171387,0.015515174716711044,-0.14840634167194366,-89.99999237060547,1.3340256899141423e-08,0.00637256633490324,0.8743718266487122,0.00046037856373004615
321,1.8600000143051147,322,walker.pedestrian.0004,vehicle.nissan.patrol_2021,15.239146,-3.478424072265625,1.640014410018921,4.233096076560355,True,0.001640014410018921,0.004233096076560355,-590.0,500,135.02288818359375,5.169008731842041,0.9514999985694885,138.50326538085938,8.589280128479004,0.015448112040758133,-0.14840634167194366,-89.99999237060547,1.3340256899141423e-08,0.006406717002391815,0.8742387890815735,0.0004567124997265637
322,1.8600000143051147,323,walker.pedestrian.0004,vehicle.nissan.patrol_2021,14.813651,-3.5446014404296875,1.640014410018921,4.114903016557398,True,0.001640014410018921,0.004114903016557398,-620.0,500,135.02288818359375,5.142768383026123,0.9514999985694885,138.5690460205078,8.590286254882812,0.015381393022835255,-0.14840634167194366,-89.99999237060547,1.3340256899141423e-08,0.006406717002391815,0.8742387890815735,0.0004567124997265637
323,1.8600000143051147,324,walker.pedestrian.0004,vehicle.nissan.patrol_2021,14.388144,-3.60888671875,1.6399953365325928,3.996706743920199,True,0.0016399953365325928,0.003996706743920199,-640.0,500,135.02288818359375,5.116528511047363,0.9514999985694885,138.63294982910156,8.591263771057129,0.015314826741814613,-0.14840634167194366,-89.99999237060547,1.3340256899141423e-08,0.0064408681355416775,0.8741130828857422,0.00045267120003700256
324,1.8600000143051147,325,walker.pedestrian.0004,vehicle.nissan.patrol_2021,13.962648,-3.67132568359375,1.6399953365325928,3.878513248083677,True,0.0016399953365325928,0.003878513248083677,-670.0,500,135.02288818359375,5.0902886390686035,0.9514999985694885,138.6949920654297,8.592211723327637,0.015248526819050312,-0.14840634167194366,-89.99999237060547,1.3340256899141423e-08,0.0064408681355416775,0.8741130828857422,0.00045267120003700256
325,1.8600000143051147,326,walker.pedestrian.0004,vehicle.nissan.patrol_2021,13.537174,-3.73187255859375,1.6399953365325928,3.7603260623661527,True,0.0016399953365325928,0.0037603260623661526,-690.0,500,135.02288818359375,5.064048767089844,0.9514999985694885,138.75514221191406,8.593130111694336,0.01518253330141306,-0.14840634167194366,-89.99999237060547,1.3340256899141423e-08,0.006481849122792482,0.8739933967590332,0.0004482916265260428
326,1.8600000143051147,327,walker.pedestrian.0004,vehicle.nissan.patrol_2021,13.111666,-3.7905426025390625,1.6399953365325928,3.6421295063360812,True,0.0016399953365325928,0.003642129506336081,-720.0,500,135.02288818359375,5.037808895111084,0.9514999985694885,138.8134307861328,8.594018936157227,0.015116806142032146,-0.14840634167194366,-89.99999237060547,1.3340256899141423e-08,0.006481849122792482,0.8739933967590332,0.0004482916265260428
327,1.8600000143051147,328,walker.pedestrian.0004,vehicle.nissan.patrol_2021,12.686169,-3.8473358154296875,1.6399953365325928,3.523935916605237,True,0.0016399953365325928,0.0035239359166052368,-750.0,500,135.02288818359375,5.011569023132324,0.9514999985694885,138.8698272705078,8.594879150390625,0.015051268972456455,-0.14840634167194366,-89.99999237060547,1.3340256899141423e-08,0.006516000255942345,0.8738805055618286,0.00044348713709041476
328,1.8600000143051147,329,walker.pedestrian.0004,vehicle.nissan.patrol_2021,12.260667,-3.9022674560546875,1.6399953365325928,3.40574083746817,True,0.0016399953365325928,0.0034057408374681703,-770.0,500,135.02288818359375,4.985328674316406,0.9514999985694885,138.9243621826172,8.595709800720215,0.014985885471105576,-0.14840634167194366,-89.99999237060547,1.3340256899141423e-08,0.006516000255942345,0.8738805055618286,0.00044348713709041476
329,1.8600000143051147,330,walker.pedestrian.0004,vehicle.nissan.patrol_2021,11.835185,-3.9553375244140625,1.6399953365325928,3.2875513363908913,True,0.0016399953365325928,0.0032875513363908914,-800.0,500,135.02288818359375,4.9590888023376465,0.9514999985694885,138.97703552246094,8.596510887145996,0.014920768328011036,-0.14840634167194366,-89.99999237060547,1.3340256899141423e-08,0.006516000255942345,0.8738805055618286,0.00044348713709041476
330,1.8600000143051147,331,walker.pedestrian.0004,vehicle.nissan.patrol_2021,11.409677,-4.0064697265625,1.6399953365325928,3.1693547077377513,True,0.0016399953365325928,0.0031693547077377513,-830.0,500,135.02288818359375,4.932848930358887,0.9514999985694885,139.0277862548828,8.597282409667969,0.01485595665872097,-0.14840634167194366,-89.99999237060547,1.3340256899141423e-08,0.0065638115629553795,0.8737241625785828,0.0004355959827080369
331,1.8600000143051147,332,walker.pedestrian.0004,vehicle.nissan.patrol_2021,10.98418,-4.0556182861328125,1.6399953365325928,3.0511611070524656,True,0.0016399953365325928,0.0030511611070524656,-860.0,500,135.02288818359375,4.906609058380127,0.9514999985694885,139.0765380859375,8.59802532196045,0.014791297726333141,-0.14840634167194366,-89.99999237060547,1.3340256899141423e-08,0.0065638115629553795,0.8737241625785828,0.0004355959827080369
332,1.8600000143051147,333,walker.pedestrian.0004,vehicle.nissan.patrol_2021,10.558689,-4.102874755859375,1.6399953365325928,2.932969291158691,True,0.0016399953365325928,0.002932969291158691,-900.0,500,135.02288818359375,4.880369186401367,0.9514999985694885,139.1234130859375,8.598738670349121,0.014726866967976093,-0.14840634167194366,-89.99999237060547,1.3340256899141423e-08,0.0065638115629553795,0.8737241625785828,0.0004355959827080369
333,1.8600000143051147,334,walker.pedestrian.0004,vehicle.nissan.patrol_2021,10.133196,-4.1482696533203125,1.6399953365325928,2.8147765542546894,True,0.0016399953365325928,0.0028147765542546896,-930.0,500,135.02288818359375,4.854129314422607,0.9514999985694885,139.1684112548828,8.599422454833984,0.014662628062069416,-0.14840634167194366,-89.99999237060547,1.3340256899141423e-08,0.006611622869968414,0.873583197593689,0.00042710622074082494
334,1.8600000143051147,335,walker.pedestrian.0004,vehicle.nissan.patrol_2021,9.707686,-4.1917877197265625,1.6399953365325928,2.696579487081154,True,0.0016399953365325928,0.002696579487081154,-970.0,500,135.02288818359375,4.827889442443848,0.9514999985694885,139.21153259277344,8.600077629089355,0.014598655514419079,-0.14840634167194366,-89.99999237060547,1.3340256899141423e-08,0.006611622869968414,0.873583197593689,0.00042710622074082494
335,1.8600000143051147,336,walker.pedestrian.0004,vehicle.nissan.patrol_2021,9.282192,-4.233428955078125,1.6399953365325928,2.5783865773388954,True,0.0016399953365325928,0.0025783865773388952,-1000.0,500,135.02288818359375,4.801649570465088,0.9514999985694885,139.25279235839844,8.600703239440918,0.014534835703670979,-0.14840634167194366,-89.99999237060547,1.3340256899141423e-08,0.006611622869968414,0.873583197593689,0.00042710622074082494
336,1.8600000143051147,337,walker.pedestrian.0004,vehicle.nissan.patrol_2021,8.856691,-4.273193359375,1.6399953365325928,2.460192042945096,True,0.0016399953365325928,0.002460192042945096,-1040.0,500,135.02288818359375,4.77540922164917,0.9514999985694885,139.2921600341797,8.601298332214355,0.014471244066953659,-0.14840634167194366,-89.99999237060547,1.3340256899141423e-08,0.006652603857219219,0.8734586834907532,0.00041728318319655955
337,1.8600000143051147,338,walker.pedestrian.0004,vehicle.nissan.patrol_2021,8.4312,-4.31109619140625,1.6399953365325928,2.342000126542639,True,0.0016399953365325928,0.002342000126542639,-1080.0,500,135.02288818359375,4.74916934967041,0.9514999985694885,139.3296661376953,8.601865768432617,0.014407958835363388,-0.14840634167194366,-89.99999237060547,1.3340256899141423e-08,0.006652603857219219,0.8734586834907532,0.00041728318319655955
338,1.8600000143051147,339,walker.pedestrian.0004,vehicle.nissan.patrol_2021,8.005692,-4.34710693359375,1.6399953365325928,2.2238033077985477,True,0.0016399953365325928,0.002223803307798548,-1130.0,500,135.02288818359375,4.72292947769165,0.9514999985694885,139.36529541015625,8.602410316467285,0.01434478722512722,-0.14840634167194366,-89.99999237060547,1.3340256899141423e-08,0.006652603857219219,0.8734586834907532,0.00041728318319655955
339,1.8600000143051147,340,walker.pedestrian.0004,vehicle.nissan.patrol_2021,7.5802,-4.3812408447265625,1.6399953365325928,2.1056110812113724,True,0.0016399953365325928,0.0021056110812113726,-1170.0,500,135.02288818359375,4.696689605712891,0.9514999985694885,139.39903259277344,8.602928161621094,0.014281844720244408,-0.14840634167194366,-89.99999237060547,1.3340256899141423e-08,0.006693584844470024,0.8733493089675903,0.0004055060271639377
340,1.8600000143051147,341,walker.pedestrian.0004,vehicle.nissan.patrol_2021,7.154699,-4.413360595703125,1.6399953365325928,1.987416273809791,True,0.0016399953365325928,0.001987416273809791,-1220.0,500,135.02288818359375,4.670449733734131,0.9514999985694885,139.43075561523438,8.603416442871094,0.01421913132071495,-0.14840634167194366,-89.99999237060547,1.3340256899141423e-08,0.006693584844470024,0.8733493089675903,0.0004055060271639377
341,1.8600000143051147,342,walker.pedestrian.0004,vehicle.nissan.patrol_2021,6.729199,-4.4435882568359375,1.6399953365325928,1.8692219441129772,True,0.0016399953365325928,0.0018692219441129772,-1270.0,500,135.02288818359375,4.644209861755371,0.9514999985694885,139.46060180664062,8.603876113891602,0.014156569726765156,-0.14840634167194366,-89.99999237060547,1.3340256899141423e-08,0.006693584844470024,0.8733493089675903,0.0004055060271639377
342,1.8600000143051147,343,walker.pedestrian.0004,vehicle.nissan.patrol_2021,6.303699,-4.471954345703125,1.6399953365325928,1.7510274822093106,True,0.0016399953365325928,0.0017510274822093105,-1320.0,500,135.02288818359375,4.617969989776611,0.9514999985694885,139.4885711669922,8.6043062210083,0.014094238169491291,-0.14840634167194366,-89.99999237060547,1.3340256899141423e-08,0.006693584844470024,0.8733493089675903,0.0004055060271639377
343,1.8600000143051147,344,walker.pedestrian.0004,vehicle.nissan.patrol_2021,5.878201,-4.498443603515625,1.6399953365325928,1.6328337414132044,True,0.0016399953365325928,0.0016328337414132045,-1370.0,500,135.02288818359375,4.591730117797852,0.9514999985694885,139.51466369628906,8.604706764221191,0.014032096602022648,-0.14840634167194366,-89.99999237060547,1.3340256899141423e-08,0.006748226471245289,0.8732293248176575,0.00038598832907155156
344,1.8600000143051147,345,walker.pedestrian.0004,vehicle.nissan.patrol_2021,5.452702,-4.5230560302734375,1.6399953365325928,1.5146395266607142,True,0.0016399953365325928,0.0015146395266607143,-1430.0,500,135.02288818359375,4.565490245819092,0.9514999985694885,139.53887939453125,8.605077743530273,0.013970069587230682,-0.14840634167194366,-89.99999237060547,1.3340256899141423e-08,0.006748226471245289,0.8732293248176575,0.00038598832907155156
345,1.8600000143051147,346,walker.pedestrian.0004,vehicle.nissan.patrol_2021,5.027206,-4.5457916259765625,1.6399953365325928,1.3964460200495636,True,0.0016399953365325928,0.0013964460200495635,-1500.0,500,135.02288818359375,4.539249897003174,0.9514999985694885,139.5612335205078,8.605420112609863,0.013908271677792072,-0.14840634167194366,-89.99999237060547,1.3340256899141423e-08,0.006748226471245289,0.8732293248176575,0.00038598832907155156
346,1.8600000143051147,347,walker.pedestrian.0004,vehicle.nissan.patrol_2021,4.601711,-4.566650390625,1.6399953365325928,1.2782531182581653,True,0.0016399953365325928,0.0012782531182581654,-1560.0,500,135.02288818359375,4.513010025024414,0.9514999985694885,139.58169555664062,8.605732917785645,0.013846740126609802,-0.14840634167194366,-89.99999237060547,1.3340256899141423e-08,0.006748226471245289,0.8732293248176575,0.00038598832907155156
347,1.8600000143051147,348,walker.pedestrian.0004,vehicle.nissan.patrol_2021,4.176212,-4.5856475830078125,1.6399953365325928,1.1600587519795853,True,0.0016399953365325928,0.0011600587519795852,-1640.0,500,135.02288818359375,4.486770153045654,0.9514999985694885,139.6002960205078,8.606016159057617,0.013785362243652344,-0.14840634167194366,-89.99999237060547,1.3340256899141423e-08,0.006748226471245289,0.8732293248176575,0.00038598832907155156
348,1.8600000143051147,349,walker.pedestrian.0004,vehicle.nissan.patrol_2021,3.750717,-4.6027374267578125,1.6399953365325928,1.0418658900406255,True,0.0016399953365325928,0.0010418658900406255,-1720.0,500,135.02288818359375,4.4605302810668945,0.9514999985694885,139.61700439453125,8.606270790100098,0.013724174350500107,-0.14840634167194366,-89.99999237060547,1.3340256899141423e-08,0.0068096984177827835,0.8731207847595215,0.0003540266479831189
349,1.8600000143051147,350,walker.pedestrian.0004,vehicle.nissan.patrol_2021,0.067811,-4.60345458984375,1.6399953365325928,0.01883625100214841,True,0.0016399953365325928,1.883625100214841e-05,-2780.0,500,135.02288818359375,4.434290409088135,0.9514999985694885,139.61732482910156,8.606270790100098,0.013655624352395535,-0.14840634167194366,-89.99999237060547,1.3340256899141423e-08,0.007547358516603708,0.8731182813644409,0.00034396376577205956
350,1.8600000143051147,351,walker.pedestrian.0004,vehicle.nissan.patrol_2021,0.025929,-4.603851318359375,1.6399953365325928,0.007202469169953168,True,0.0016399953365325928,7.202469169953168e-06,-2790.0,500,135.02288818359375,4.408050537109375,0.9514999985694885,139.61732482910156,8.606270790100098,0.013588828966021538,-0.14840634167194366,-89.99999237060547,1.3340256899141423e-08,0.008121094666421413,0.8731182813644409,0.00032981179538182914
351,1.8600000143051147,352,walker.pedestrian.0004,vehicle.nissan.patrol_2021,0.025741,-4.6042327880859375,1.6399953365325928,0.007150152301441793,True,0.0016399953365325928,7.150152301441793e-06,-2800.0,500,135.02288818359375,4.381810665130615,0.9514999985694885,139.61732482910156,8.606270790100098,0.013523864559829235,-0.14840634167194366,-89.99999237060547,1.3340256899141423e-08,0.008517245762050152,0.8731182813644409,0.000312672316795215
352,1.8600000143051147,353,walker.pedestrian.0004,vehicle.nissan.patrol_2021,0.025578,-4.6046295166015625,1.6399953365325928,0.007105098050242684,True,0.0016399953365325928,7.105098050242684e-06,-2800.0,500,135.02288818359375,4.3555707931518555,0.9514999985694885,139.61732482910156,8.606270790100098,0.013460692949593067,-0.14840634167194366,-89.99999237060547,1.3340256899141423e-08,0.008749471977353096,0.8731182813644409,0.00029329044627957046
353,1.8600000143051147,354,walker.pedestrian.0004,vehicle.nissan.patrol_2021,0.025415,-4.6050262451171875,1.6399953365325928,0.007059622456758088,True,0.0016399953365325928,7.059622456758088e-06,-2800.0,500,135.02288818359375,4.3293304443359375,0.9514999985694885,139.61732482910156,8.606271743774414,0.013399047777056694,-0.14840634167194366,-89.99999237060547,1.3340256899141423e-08,0.008749471977353096,0.8731182813644409,0.00029329044627957046
354,1.8600000143051147,355,walker.pedestrian.0004,vehicle.nissan.patrol_2021,0.025251,-4.6054229736328125,1.6399953365325928,0.007014154328751579,True,0.0016399953365325928,7.014154328751579e-06,-2800.0,500,135.02288818359375,4.303090572357178,0.9514999985694885,139.61732482910156,8.606271743774414,0.013338775373995304,-0.14840634167194366,-89.99999237060547,1.3340256899141423e-08,0.008749471977353096,0.8731182813644409,0.00029329044627957046
355,1.8600000143051147,356,walker.pedestrian.0004,vehicle.nissan.patrol_2021,0.02509,-4.605804443359375,1.6399953365325928,0.006969387478157891,True,0.0016399953365325928,6.969387478157891e-06,-2800.0,500,135.02288818359375,4.276850700378418,0.9514999985694885,139.61732482910156,8.606271743774414,0.013279838487505913,-0.14840634167194366,-89.99999237060547,1.3340256899141423e-08,0.008606038056313992,0.8731182813644409,0.00022936395544093102
356,1.8600000143051147,357,walker.pedestrian.0004,vehicle.nissan.patrol_2021,0.02493,-4.606201171875,1.6399953365325928,0.006924913073017382,True,0.0016399953365325928,6.924913073017382e-06,-2800.0,500,135.02288818359375,4.250610828399658,0.9514999985694885,139.61732482910156,8.606271743774414,0.013222083449363708,-0.14840634167194366,-89.99999237060547,1.3340256899141423e-08,0.008346490561962128,0.8731182813644409,0.0002078635588986799
357,1.8600000143051147,358,walker.pedestrian.0004,vehicle.nissan.patrol_2021,0.024771,-4.6065826416015625,1.6399953365325928,0.006880947630339568,True,0.0016399953365325928,6.880947630339568e-06,-2800.0,500,135.02288818359375,4.224370956420898,0.9514999985694885,139.61732482910156,8.60627269744873,0.013165435753762722,-0.14840634167194366,-89.99999237060547,1.3340256899141423e-08,0.007998150773346424,0.8731182813644409,0.00018697345512919128
358,1.8600000143051147,359,walker.pedestrian.0004,vehicle.nissan.patrol_2021,0.024616,-4.6069793701171875,1.6399953365325928,0.006837830150529799,True,0.0016399953365325928,6.837830150529799e-06,-2800.0,500,135.02288818359375,4.198131084442139,0.9514999985694885,139.61732482910156,8.60627269744873,0.013109778985381126,-0.14840634167194366,-89.99999237060547,1.3340256899141423e-08,0.0075883399695158005,0.8731182813644409,0.00016694533405825496
359,1.8600000143051147,360,walker.pedestrian.0004,vehicle.nissan.patrol_2021,0.024457,-4.60736083984375,1.6399953365325928,0.006793644453974256,True,0.0016399953365325928,6.793644453974256e-06,-2800.0,500,135.02288818359375,4.171891212463379,0.9514999985694885,139.6173095703125,8.60627269744873,0.013054847717285156,-0.14840634167194366,-89.99999237060547,1.3340256899141423e-08,0.007117056753486395,0.8731182813644409,0.0001479642087360844
360,1.8600000143051147,361,walker.pedestrian.0004,vehicle.nissan.patrol_2021,0.024301,-4.6077423095703125,1.6399953365325928,0.006750350967705414,True,0.0016399953365325928,6.750350967705414e-06,-2800.0,500,135.02288818359375,4.145651340484619,0.9514999985694885,139.6173095703125,8.60627269744873,0.013000602833926678,-0.14840634167194366,-89.99999237060547,1.3340256899141423e-08,0.006611622869968414,0.8731182813644409,0.00013015027798246592
361,1.8600000143051147,362,walker.pedestrian.0004,vehicle.nissan.patrol_2021,0.024148,-4.608123779296875,1.6399953365325928,0.006707683789445089,True,0.0016399953365325928,6.707683789445089e-06,-2800.0,500,135.02288818359375,4.119410991668701,0.9514999985694885,139.61729431152344,8.60627269744873,0.012947006151080132,-0.14840634167194366,-89.99999237060547,1.3340256899141423e-08,0.006078868173062801,0.8731182813644409,0.00011372205335646868
362,1.8600000143051147,363,walker.pedestrian.0004,vehicle.nissan.patrol_2021,0.023993,-4.6085205078125,1.6399953365325928,0.006664607303738092,True,0.0016399953365325928,6.664607303738092e-06,-2800.0,500,135.02288818359375,4.093171119689941,0.9514999985694885,139.61729431152344,8.60627269744873,0.012893866747617722,-0.14840634167194366,-89.99999237060547,1.3340256899141423e-08,0.005525622516870499,0.8731182813644409,9.873569069895893e-05
363,1.8600000143051147,364,walker.pedestrian.0004,vehicle.nissan.patrol_2021,0.023841,-4.608917236328125,1.6399953365325928,0.006622527804945851,True,0.0016399953365325928,6.6225278049458505e-06,-2800.0,500,135.02288818359375,4.066931247711182,0.9514999985694885,139.61729431152344,8.60627269744873,0.012841186486184597,-0.14840634167194366,-89.99999237060547,1.3340256899141423e-08,0.004972377326339483,0.8731182813644409,8.507090387865901e-05
364,1.8600000143051147,365,walker.pedestrian.0004,vehicle.nissan.patrol_2021,0.023687,-4.609283447265625,1.6399953365325928,0.006579773564821738,True,0.0016399953365325928,6.5797735648217375e-06,-2800.0,500,135.02288818359375,4.040691375732422,0.9514999985694885,139.61727905273438,8.60627269744873,0.012788810767233372,-0.14840634167194366,-89.99999237060547,1.3340256899141423e-08,0.004412301816046238,0.8731182813644409,7.285072206286713e-05
365,1.8600000143051147,366,walker.pedestrian.0004,vehicle.nissan.patrol_2021,0.023538,-4.60968017578125,1.6399953365325928,0.006538432608368959,True,0.0016399953365325928,6.538432608368959e-06,-2800.0,500,135.02288818359375,4.014451503753662,0.9514999985694885,139.61727905273438,8.60627269744873,0.012736854143440723,-0.14840634167194366,-89.99999237060547,1.3340256899141423e-08,0.0038658869452774525,0.8731182813644409,6.193293666001409e-05
366,1.8600000143051147,367,walker.pedestrian.0004,vehicle.nissan.patrol_2021,0.023389,-4.610076904296875,1.6399953365325928,0.006496896543154889,True,0.0016399953365325928,6.4968965431548896e-06,-2800.0,500,135.02288818359375,3.9882116317749023,0.9514999985694885,139.61727905273438,8.60627269744873,0.012685050256550312,-0.14840634167194366,-89.99999237060547,1.3340256899141423e-08,0.0033331322483718395,0.8731182813644409,5.2331255574245006e-05
367,1.8600000143051147,368,walker.pedestrian.0004,vehicle.nissan.patrol_2021,0.023238,-4.6104583740234375,1.6399953365325928,0.0064550494184186,True,0.0016399953365325928,6.4550494184186e-06,-2800.0,500,135.02288818359375,3.9619717597961426,0.9514999985694885,139.61727905273438,8.60627269744873,0.012633438222110271,-0.14840634167194366,-89.99999237060547,1.3340256899141423e-08,0.002814037725329399,0.8731182813644409,4.401889236760326e-05
368,1.8600000143051147,369,walker.pedestrian.0004,vehicle.nissan.patrol_2021,0.02309,-4.61083984375,1.6399953365325928,0.006413855618120204,True,0.0016399953365325928,6.4138556181202036e-06,-2800.0,500,135.02288818359375,3.9357316493988037,0.9514999985694885,139.6172637939453,8.60627269744873,0.012581939809024334,-0.14840634167194366,-89.99999237060547,1.3340256899141423e-08,0.002329094335436821,0.8731182813644409,3.681111047626473e-05
369,1.8600000143051147,370,walker.pedestrian.0004,vehicle.nissan.patrol_2021,0.022942,-4.611236572265625,1.6399953365325928,0.006372820609678938,True,0.0016399953365325928,6.372820609678938e-06,-2800.0,500,135.02288818359375,3.909491777420044,0.9514999985694885,139.6172637939453,8.60627269744873,0.0125305550172925,-0.14840634167194366,-89.99999237060547,1.3340256899141423e-08,0.0018714717589318752,0.8731182813644409,3.069451486226171e-05
370,1.8600000143051147,371,walker.pedestrian.0004,vehicle.nissan.patrol_2021,0.022798,-4.611602783203125,1.6399953365325928,0.006332736949189178,True,0.0016399953365325928,6.332736949189178e-06,-2800.0,500,135.02288818359375,3.883251905441284,0.9514999985694885,139.61724853515625,8.60627269744873,0.012479323893785477,-0.14840634167194366,-89.99999237060547,1.3340256899141423e-08,0.00144116987939924,0.8731182813644409,2.5653758711996488e-05
371,1.8600000143051147,372,walker.pedestrian.0004,vehicle.nissan.patrol_2021,0.022653,-4.61199951171875,1.6399953365325928,0.006292463299092141,True,0.0016399953365325928,6.2924632990921405e-06,-2800.0,500,135.02288818359375,3.8570120334625244,0.9514999985694885,139.61724853515625,8.60627269744873,0.01242824550718069,-0.14840634167194366,-89.99999237060547,1.3340256899141423e-08,0.0010518491035327315,0.8731182813644409,2.1484731405507773e-05
372,1.8600000143051147,373,walker.pedestrian.0004,vehicle.nissan.patrol_2021,0.022506,-4.612396240234375,1.6399953365325928,0.006251770087537591,True,0.0016399953365325928,6.251770087537591e-06,-2800.0,500,135.02288818359375,3.8307719230651855,0.9514999985694885,139.61724853515625,8.60627269744873,0.012377089820802212,-0.14840634167194366,-89.99999237060547,1.3340256899141423e-08,0.0006898490828461945,0.8731182813644409,1.812872324080672e-05
373,1.8600000143051147,374,walker.pedestrian.0004,vehicle.nissan.patrol_2021,0.022364,-4.6127777099609375,1.6399953365325928,0.0062122536034196225,True,0.0016399953365325928,6.212253603419623e-06,-2800.0,500,135.02288818359375,3.804532051086426,0.9514999985694885,139.61724853515625,8.60627269744873,0.012326011434197426,-0.14840634167194366,-89.99999237060547,1.3340256899141423e-08,0.00036200002068653703,0.8731182813644409,1.541436904517468e-05
