frame,intensity
265,29.887324400275773
266,10.739907466341917
